nycha_idx,hpd_inx,nycha_address,hpd_address,score,used_fallback
0,4674,1 LORRAINE STREET BROOKLYN 11231,1 LORRAINE STREET BROOKLYN 11231,100.0,False
1,4674,1 LORRAINE STREET BROOKLYN 11231,1 LORRAINE STREET BROOKLYN 11231,100.0,False
2,4674,1 LORRAINE STREET BROOKLYN 11231,1 LORRAINE STREET BROOKLYN 11231,100.0,False
20,723,483 CARLTON AVENUE BROOKLYN 11238,483 CARLTON AVENUE BROOKLYN 11238,100.0,False
21,723,483 CARLTON AVENUE BROOKLYN 11238,483 CARLTON AVENUE BROOKLYN 11238,100.0,False
22,723,483 CARLTON AVENUE BROOKLYN 11238,483 CARLTON AVENUE BROOKLYN 11238,100.0,False
23,4674,1 LORRAINE STREET BROOKLYN 11231,1 LORRAINE STREET BROOKLYN 11231,100.0,False
24,4674,1 LORRAINE STREET BROOKLYN 11231,1 LORRAINE STREET BROOKLYN 11231,100.0,False
25,4674,1 LORRAINE STREET BROOKLYN 11231,1 LORRAINE STREET BROOKLYN 11231,100.0,False
26,1067,218 EAST 115 STREET MANHATTAN 10029,218 EAST 115 STREET MANHATTAN 10029,100.0,False
28,1067,218 EAST 115 STREET MANHATTAN 10029,218 EAST 115 STREET MANHATTAN 10029,100.0,False
29,1067,218 EAST 115 STREET MANHATTAN 10029,218 EAST 115 STREET MANHATTAN 10029,100.0,False
30,1067,218 EAST 115 STREET MANHATTAN 10029,218 EAST 115 STREET MANHATTAN 10029,100.0,False
31,1019,300 DUMONT AVENUE BROOKLYN 11212,300 DUMONT AVENUE BROOKLYN 11212,100.0,False
32,1019,300 DUMONT AVENUE BROOKLYN 11212,300 DUMONT AVENUE BROOKLYN 11212,100.0,False
33,1067,218 EAST 115 STREET MANHATTAN 10029,218 EAST 115 STREET MANHATTAN 10029,100.0,False
37,1019,300 DUMONT AVENUE BROOKLYN 11212,300 DUMONT AVENUE BROOKLYN 11212,100.0,False
39,1067,218 EAST 115 STREET MANHATTAN 10029,218 EAST 115 STREET MANHATTAN 10029,100.0,False
46,72,116-30 GUY R BREWER BOULEVARD QUEENS 11434,116-30 GUY R BREWER BOULEVARD QUEENS 11434,100.0,False
64,125,2065 3 AVENUE MANHATTAN 10029,2065 3 AVENUE MANHATTAN 10029,100.0,False
74,25,730 GATES AVENUE BROOKLYN 11221,730 GATES AVENUE BROOKLYN 11221,100.0,False
92,85,180 SOUTH STREET MANHATTAN 10038,180 SOUTH STREET MANHATTAN 10038,100.0,False
93,85,180 SOUTH STREET MANHATTAN 10038,180 SOUTH STREET MANHATTAN 10038,100.0,False
94,85,180 SOUTH STREET MANHATTAN 10038,180 SOUTH STREET MANHATTAN 10038,100.0,False
95,85,180 SOUTH STREET MANHATTAN 10038,180 SOUTH STREET MANHATTAN 10038,100.0,False
96,85,180 SOUTH STREET MANHATTAN 10038,180 SOUTH STREET MANHATTAN 10038,100.0,False
97,85,180 SOUTH STREET MANHATTAN 10038,180 SOUTH STREET MANHATTAN 10038,100.0,False
98,85,180 SOUTH STREET MANHATTAN 10038,180 SOUTH STREET MANHATTAN 10038,100.0,False
130,125,2065 3 AVENUE MANHATTAN 10029,2065 3 AVENUE MANHATTAN 10029,100.0,False
158,84,2861 EXTERIOR STREET BRONX 10463,2861 EXTERIOR STREET BRONX 10463,100.0,False
159,84,2861 EXTERIOR STREET BRONX 10463,2861 EXTERIOR STREET BRONX 10463,100.0,False
160,84,2861 EXTERIOR STREET BRONX 10463,2861 EXTERIOR STREET BRONX 10463,100.0,False
161,1286,350 MADISON STREET MANHATTAN 10002,350 MADISON STREET MANHATTAN 10002,100.0,False
163,84,2861 EXTERIOR STREET BRONX 10463,2861 EXTERIOR STREET BRONX 10463,100.0,False
165,1709,161 BUSH STREET BROOKLYN 11231,161 BUSH STREET BROOKLYN 11231,100.0,False
166,1709,161 BUSH STREET BROOKLYN 11231,161 BUSH STREET BROOKLYN 11231,100.0,False
167,1709,161 BUSH STREET BROOKLYN 11231,161 BUSH STREET BROOKLYN 11231,100.0,False
168,1286,350 MADISON STREET MANHATTAN 10002,350 MADISON STREET MANHATTAN 10002,100.0,False
169,1286,350 MADISON STREET MANHATTAN 10002,350 MADISON STREET MANHATTAN 10002,100.0,False
170,1286,350 MADISON STREET MANHATTAN 10002,350 MADISON STREET MANHATTAN 10002,100.0,False
171,1286,350 MADISON STREET MANHATTAN 10002,350 MADISON STREET MANHATTAN 10002,100.0,False
172,1286,350 MADISON STREET MANHATTAN 10002,350 MADISON STREET MANHATTAN 10002,100.0,False
173,1709,161 BUSH STREET BROOKLYN 11231,161 BUSH STREET BROOKLYN 11231,100.0,False
174,1286,350 MADISON STREET MANHATTAN 10002,350 MADISON STREET MANHATTAN 10002,100.0,False
175,1286,350 MADISON STREET MANHATTAN 10002,350 MADISON STREET MANHATTAN 10002,100.0,False
176,1286,350 MADISON STREET MANHATTAN 10002,350 MADISON STREET MANHATTAN 10002,100.0,False
177,1286,350 MADISON STREET MANHATTAN 10002,350 MADISON STREET MANHATTAN 10002,100.0,False
178,1286,350 MADISON STREET MANHATTAN 10002,350 MADISON STREET MANHATTAN 10002,100.0,False
179,1286,350 MADISON STREET MANHATTAN 10002,350 MADISON STREET MANHATTAN 10002,100.0,False
180,1286,350 MADISON STREET MANHATTAN 10002,350 MADISON STREET MANHATTAN 10002,100.0,False
210,84,2861 EXTERIOR STREET BRONX 10463,2861 EXTERIOR STREET BRONX 10463,100.0,False
211,84,2861 EXTERIOR STREET BRONX 10463,2861 EXTERIOR STREET BRONX 10463,100.0,False
212,84,2861 EXTERIOR STREET BRONX 10463,2861 EXTERIOR STREET BRONX 10463,100.0,False
213,84,2861 EXTERIOR STREET BRONX 10463,2861 EXTERIOR STREET BRONX 10463,100.0,False
222,304,2394 1 AVENUE MANHATTAN 10035,2394 1 AVENUE MANHATTAN 10035,100.0,False
223,84,2861 EXTERIOR STREET BRONX 10463,2861 EXTERIOR STREET BRONX 10463,100.0,False
224,84,2861 EXTERIOR STREET BRONX 10463,2861 EXTERIOR STREET BRONX 10463,100.0,False
225,84,2861 EXTERIOR STREET BRONX 10463,2861 EXTERIOR STREET BRONX 10463,100.0,False
233,84,2861 EXTERIOR STREET BRONX 10463,2861 EXTERIOR STREET BRONX 10463,100.0,False
234,84,2861 EXTERIOR STREET BRONX 10463,2861 EXTERIOR STREET BRONX 10463,100.0,False
236,84,2861 EXTERIOR STREET BRONX 10463,2861 EXTERIOR STREET BRONX 10463,100.0,False
238,84,2861 EXTERIOR STREET BRONX 10463,2861 EXTERIOR STREET BRONX 10463,100.0,False
239,84,2861 EXTERIOR STREET BRONX 10463,2861 EXTERIOR STREET BRONX 10463,100.0,False
259,50,401 EAST 102 STREET MANHATTAN 10029,401 EAST 102 STREET MANHATTAN 10029,100.0,False
260,50,401 EAST 102 STREET MANHATTAN 10029,401 EAST 102 STREET MANHATTAN 10029,100.0,False
261,50,401 EAST 102 STREET MANHATTAN 10029,401 EAST 102 STREET MANHATTAN 10029,100.0,False
262,50,401 EAST 102 STREET MANHATTAN 10029,401 EAST 102 STREET MANHATTAN 10029,100.0,False
264,50,401 EAST 102 STREET MANHATTAN 10029,401 EAST 102 STREET MANHATTAN 10029,100.0,False
266,50,401 EAST 102 STREET MANHATTAN 10029,401 EAST 102 STREET MANHATTAN 10029,100.0,False
272,50,401 EAST 102 STREET MANHATTAN 10029,401 EAST 102 STREET MANHATTAN 10029,100.0,False
273,50,401 EAST 102 STREET MANHATTAN 10029,401 EAST 102 STREET MANHATTAN 10029,100.0,False
274,3930,35 DWIGHT STREET BROOKLYN 11231,35 DWIGHT STREET BROOKLYN 11231,100.0,False
275,3930,35 DWIGHT STREET BROOKLYN 11231,35 DWIGHT STREET BROOKLYN 11231,100.0,False
276,510,307 EAST 116 STREET MANHATTAN 10029,307 EAST 116 STREET MANHATTAN 10029,100.0,False
277,510,307 EAST 116 STREET MANHATTAN 10029,307 EAST 116 STREET MANHATTAN 10029,100.0,False
278,510,307 EAST 116 STREET MANHATTAN 10029,307 EAST 116 STREET MANHATTAN 10029,100.0,False
279,510,307 EAST 116 STREET MANHATTAN 10029,307 EAST 116 STREET MANHATTAN 10029,100.0,False
280,510,307 EAST 116 STREET MANHATTAN 10029,307 EAST 116 STREET MANHATTAN 10029,100.0,False
281,510,307 EAST 116 STREET MANHATTAN 10029,307 EAST 116 STREET MANHATTAN 10029,100.0,False
282,510,307 EAST 116 STREET MANHATTAN 10029,307 EAST 116 STREET MANHATTAN 10029,100.0,False
283,510,307 EAST 116 STREET MANHATTAN 10029,307 EAST 116 STREET MANHATTAN 10029,100.0,False
284,510,307 EAST 116 STREET MANHATTAN 10029,307 EAST 116 STREET MANHATTAN 10029,100.0,False
285,510,307 EAST 116 STREET MANHATTAN 10029,307 EAST 116 STREET MANHATTAN 10029,100.0,False
286,510,307 EAST 116 STREET MANHATTAN 10029,307 EAST 116 STREET MANHATTAN 10029,100.0,False
287,510,307 EAST 116 STREET MANHATTAN 10029,307 EAST 116 STREET MANHATTAN 10029,100.0,False
288,304,2394 1 AVENUE MANHATTAN 10035,2394 1 AVENUE MANHATTAN 10035,100.0,False
289,510,307 EAST 116 STREET MANHATTAN 10029,307 EAST 116 STREET MANHATTAN 10029,100.0,False
290,510,307 EAST 116 STREET MANHATTAN 10029,307 EAST 116 STREET MANHATTAN 10029,100.0,False
291,510,307 EAST 116 STREET MANHATTAN 10029,307 EAST 116 STREET MANHATTAN 10029,100.0,False
292,510,307 EAST 116 STREET MANHATTAN 10029,307 EAST 116 STREET MANHATTAN 10029,100.0,False
295,653,301 EAST 156 STREET BRONX 10451,301 EAST 156 STREET BRONX 10451,100.0,False
296,653,301 EAST 156 STREET BRONX 10451,301 EAST 156 STREET BRONX 10451,100.0,False
297,653,301 EAST 156 STREET BRONX 10451,301 EAST 156 STREET BRONX 10451,100.0,False
298,653,301 EAST 156 STREET BRONX 10451,301 EAST 156 STREET BRONX 10451,100.0,False
299,50,401 EAST 102 STREET MANHATTAN 10029,401 EAST 102 STREET MANHATTAN 10029,100.0,False
300,50,401 EAST 102 STREET MANHATTAN 10029,401 EAST 102 STREET MANHATTAN 10029,100.0,False
301,50,401 EAST 102 STREET MANHATTAN 10029,401 EAST 102 STREET MANHATTAN 10029,100.0,False
302,50,401 EAST 102 STREET MANHATTAN 10029,401 EAST 102 STREET MANHATTAN 10029,100.0,False
303,50,401 EAST 102 STREET MANHATTAN 10029,401 EAST 102 STREET MANHATTAN 10029,100.0,False
304,50,401 EAST 102 STREET MANHATTAN 10029,401 EAST 102 STREET MANHATTAN 10029,100.0,False
305,50,401 EAST 102 STREET MANHATTAN 10029,401 EAST 102 STREET MANHATTAN 10029,100.0,False
306,50,401 EAST 102 STREET MANHATTAN 10029,401 EAST 102 STREET MANHATTAN 10029,100.0,False
307,50,401 EAST 102 STREET MANHATTAN 10029,401 EAST 102 STREET MANHATTAN 10029,100.0,False
308,50,401 EAST 102 STREET MANHATTAN 10029,401 EAST 102 STREET MANHATTAN 10029,100.0,False
309,1785,31 CENTRE MALL BROOKLYN 11231,31 CENTRE MALL BROOKLYN 11231,100.0,False
310,1785,31 CENTRE MALL BROOKLYN 11231,31 CENTRE MALL BROOKLYN 11231,100.0,False
311,1785,31 CENTRE MALL BROOKLYN 11231,31 CENTRE MALL BROOKLYN 11231,100.0,False
312,1785,31 CENTRE MALL BROOKLYN 11231,31 CENTRE MALL BROOKLYN 11231,100.0,False
313,1785,31 CENTRE MALL BROOKLYN 11231,31 CENTRE MALL BROOKLYN 11231,100.0,False
334,510,307 EAST 116 STREET MANHATTAN 10029,307 EAST 116 STREET MANHATTAN 10029,100.0,False
344,3930,35 DWIGHT STREET BROOKLYN 11231,35 DWIGHT STREET BROOKLYN 11231,100.0,False
352,3930,35 DWIGHT STREET BROOKLYN 11231,35 DWIGHT STREET BROOKLYN 11231,100.0,False
354,3930,35 DWIGHT STREET BROOKLYN 11231,35 DWIGHT STREET BROOKLYN 11231,100.0,False
361,3930,35 DWIGHT STREET BROOKLYN 11231,35 DWIGHT STREET BROOKLYN 11231,100.0,False
362,3930,35 DWIGHT STREET BROOKLYN 11231,35 DWIGHT STREET BROOKLYN 11231,100.0,False
363,3930,35 DWIGHT STREET BROOKLYN 11231,35 DWIGHT STREET BROOKLYN 11231,100.0,False
369,3930,35 DWIGHT STREET BROOKLYN 11231,35 DWIGHT STREET BROOKLYN 11231,100.0,False
370,125,2065 3 AVENUE MANHATTAN 10029,2065 3 AVENUE MANHATTAN 10029,100.0,False
388,3930,35 DWIGHT STREET BROOKLYN 11231,35 DWIGHT STREET BROOKLYN 11231,100.0,False
391,1248,395 LIVONIA AVENUE BROOKLYN 11212,395 LIVONIA AVENUE BROOKLYN 11212,100.0,False
392,1248,395 LIVONIA AVENUE BROOKLYN 11212,395 LIVONIA AVENUE BROOKLYN 11212,100.0,False
393,1248,395 LIVONIA AVENUE BROOKLYN 11212,395 LIVONIA AVENUE BROOKLYN 11212,100.0,False
401,125,2065 3 AVENUE MANHATTAN 10029,2065 3 AVENUE MANHATTAN 10029,100.0,False
402,1122,350 EAST 124 STREET MANHATTAN 10035,350 EAST 124 STREET MANHATTAN 10035,100.0,False
404,1122,350 EAST 124 STREET MANHATTAN 10035,350 EAST 124 STREET MANHATTAN 10035,100.0,False
405,93,23 WEST 90 STREET MANHATTAN 10024,23 WEST 90 STREET MANHATTAN 10024,100.0,False
406,93,23 WEST 90 STREET MANHATTAN 10024,23 WEST 90 STREET MANHATTAN 10024,100.0,False
407,93,23 WEST 90 STREET MANHATTAN 10024,23 WEST 90 STREET MANHATTAN 10024,100.0,False
408,93,23 WEST 90 STREET MANHATTAN 10024,23 WEST 90 STREET MANHATTAN 10024,100.0,False
409,93,23 WEST 90 STREET MANHATTAN 10024,23 WEST 90 STREET MANHATTAN 10024,100.0,False
410,93,23 WEST 90 STREET MANHATTAN 10024,23 WEST 90 STREET MANHATTAN 10024,100.0,False
411,93,23 WEST 90 STREET MANHATTAN 10024,23 WEST 90 STREET MANHATTAN 10024,100.0,False
412,93,23 WEST 90 STREET MANHATTAN 10024,23 WEST 90 STREET MANHATTAN 10024,100.0,False
413,93,23 WEST 90 STREET MANHATTAN 10024,23 WEST 90 STREET MANHATTAN 10024,100.0,False
414,93,23 WEST 90 STREET MANHATTAN 10024,23 WEST 90 STREET MANHATTAN 10024,100.0,False
415,93,23 WEST 90 STREET MANHATTAN 10024,23 WEST 90 STREET MANHATTAN 10024,100.0,False
416,93,23 WEST 90 STREET MANHATTAN 10024,23 WEST 90 STREET MANHATTAN 10024,100.0,False
417,125,2065 3 AVENUE MANHATTAN 10029,2065 3 AVENUE MANHATTAN 10029,100.0,False
418,125,2065 3 AVENUE MANHATTAN 10029,2065 3 AVENUE MANHATTAN 10029,100.0,False
432,125,2065 3 AVENUE MANHATTAN 10029,2065 3 AVENUE MANHATTAN 10029,100.0,False
437,1837,829 HICKS STREET BROOKLYN 11231,829 HICKS STREET BROOKLYN 11231,100.0,False
438,1837,829 HICKS STREET BROOKLYN 11231,829 HICKS STREET BROOKLYN 11231,100.0,False
439,1837,829 HICKS STREET BROOKLYN 11231,829 HICKS STREET BROOKLYN 11231,100.0,False
440,1837,829 HICKS STREET BROOKLYN 11231,829 HICKS STREET BROOKLYN 11231,100.0,False
441,1837,829 HICKS STREET BROOKLYN 11231,829 HICKS STREET BROOKLYN 11231,100.0,False
442,1837,829 HICKS STREET BROOKLYN 11231,829 HICKS STREET BROOKLYN 11231,100.0,False
443,1837,829 HICKS STREET BROOKLYN 11231,829 HICKS STREET BROOKLYN 11231,100.0,False
444,1837,829 HICKS STREET BROOKLYN 11231,829 HICKS STREET BROOKLYN 11231,100.0,False
445,1837,829 HICKS STREET BROOKLYN 11231,829 HICKS STREET BROOKLYN 11231,100.0,False
449,125,2065 3 AVENUE MANHATTAN 10029,2065 3 AVENUE MANHATTAN 10029,100.0,False
458,1122,350 EAST 124 STREET MANHATTAN 10035,350 EAST 124 STREET MANHATTAN 10035,100.0,False
459,1122,350 EAST 124 STREET MANHATTAN 10035,350 EAST 124 STREET MANHATTAN 10035,100.0,False
461,1933,220 THROOP AVENUE BROOKLYN 11206,220 THROOP AVENUE BROOKLYN 11206,100.0,False
462,1933,220 THROOP AVENUE BROOKLYN 11206,220 THROOP AVENUE BROOKLYN 11206,100.0,False
471,1933,220 THROOP AVENUE BROOKLYN 11206,220 THROOP AVENUE BROOKLYN 11206,100.0,False
472,1933,220 THROOP AVENUE BROOKLYN 11206,220 THROOP AVENUE BROOKLYN 11206,100.0,False
473,1933,220 THROOP AVENUE BROOKLYN 11206,220 THROOP AVENUE BROOKLYN 11206,100.0,False
474,1933,220 THROOP AVENUE BROOKLYN 11206,220 THROOP AVENUE BROOKLYN 11206,100.0,False
475,5,708 GATES AVENUE BROOKLYN 11221,708 GATES AVENUE BROOKLYN 11221,100.0,False
476,1122,350 EAST 124 STREET MANHATTAN 10035,350 EAST 124 STREET MANHATTAN 10035,100.0,False
477,1122,350 EAST 124 STREET MANHATTAN 10035,350 EAST 124 STREET MANHATTAN 10035,100.0,False
478,1122,350 EAST 124 STREET MANHATTAN 10035,350 EAST 124 STREET MANHATTAN 10035,100.0,False
479,710,1815 STORY AVENUE BRONX 10473,1815 STORY AVENUE BRONX 10473,100.0,False
480,710,1815 STORY AVENUE BRONX 10473,1815 STORY AVENUE BRONX 10473,100.0,False
481,710,1815 STORY AVENUE BRONX 10473,1815 STORY AVENUE BRONX 10473,100.0,False
482,710,1815 STORY AVENUE BRONX 10473,1815 STORY AVENUE BRONX 10473,100.0,False
484,710,1815 STORY AVENUE BRONX 10473,1815 STORY AVENUE BRONX 10473,100.0,False
496,72,116-30 GUY R BREWER BOULEVARD QUEENS 11434,116-30 GUY R BREWER BOULEVARD QUEENS 11434,100.0,False
499,710,1815 STORY AVENUE BRONX 10473,1815 STORY AVENUE BRONX 10473,100.0,False
508,1772,495 COLUMBIA STREET BROOKLYN 11231,495 COLUMBIA STREET BROOKLYN 11231,100.0,False
521,1772,495 COLUMBIA STREET BROOKLYN 11231,495 COLUMBIA STREET BROOKLYN 11231,100.0,False
526,1772,495 COLUMBIA STREET BROOKLYN 11231,495 COLUMBIA STREET BROOKLYN 11231,100.0,False
527,1772,495 COLUMBIA STREET BROOKLYN 11231,495 COLUMBIA STREET BROOKLYN 11231,100.0,False
528,1772,495 COLUMBIA STREET BROOKLYN 11231,495 COLUMBIA STREET BROOKLYN 11231,100.0,False
529,1772,495 COLUMBIA STREET BROOKLYN 11231,495 COLUMBIA STREET BROOKLYN 11231,100.0,False
530,1772,495 COLUMBIA STREET BROOKLYN 11231,495 COLUMBIA STREET BROOKLYN 11231,100.0,False
540,710,1815 STORY AVENUE BRONX 10473,1815 STORY AVENUE BRONX 10473,100.0,False
550,110,2201 1 AVENUE MANHATTAN 10029,2201 1 AVENUE MANHATTAN 10029,100.0,False
551,110,2201 1 AVENUE MANHATTAN 10029,2201 1 AVENUE MANHATTAN 10029,100.0,False
552,23,2926 WEST 25 STREET BROOKLYN 11224,2926 WEST 25 STREET BROOKLYN 11224,100.0,False
553,23,2926 WEST 25 STREET BROOKLYN 11224,2926 WEST 25 STREET BROOKLYN 11224,100.0,False
554,23,2926 WEST 25 STREET BROOKLYN 11224,2926 WEST 25 STREET BROOKLYN 11224,100.0,False
555,23,2926 WEST 25 STREET BROOKLYN 11224,2926 WEST 25 STREET BROOKLYN 11224,100.0,False
556,23,2926 WEST 25 STREET BROOKLYN 11224,2926 WEST 25 STREET BROOKLYN 11224,100.0,False
557,23,2926 WEST 25 STREET BROOKLYN 11224,2926 WEST 25 STREET BROOKLYN 11224,100.0,False
558,23,2926 WEST 25 STREET BROOKLYN 11224,2926 WEST 25 STREET BROOKLYN 11224,100.0,False
559,23,2926 WEST 25 STREET BROOKLYN 11224,2926 WEST 25 STREET BROOKLYN 11224,100.0,False
560,661,451 COLUMBIA STREET BROOKLYN 11231,451 COLUMBIA STREET BROOKLYN 11231,100.0,False
561,661,451 COLUMBIA STREET BROOKLYN 11231,451 COLUMBIA STREET BROOKLYN 11231,100.0,False
562,661,451 COLUMBIA STREET BROOKLYN 11231,451 COLUMBIA STREET BROOKLYN 11231,100.0,False
563,661,451 COLUMBIA STREET BROOKLYN 11231,451 COLUMBIA STREET BROOKLYN 11231,100.0,False
564,661,451 COLUMBIA STREET BROOKLYN 11231,451 COLUMBIA STREET BROOKLYN 11231,100.0,False
567,23,2926 WEST 25 STREET BROOKLYN 11224,2926 WEST 25 STREET BROOKLYN 11224,100.0,False
568,23,2926 WEST 25 STREET BROOKLYN 11224,2926 WEST 25 STREET BROOKLYN 11224,100.0,False
569,23,2926 WEST 25 STREET BROOKLYN 11224,2926 WEST 25 STREET BROOKLYN 11224,100.0,False
570,23,2926 WEST 25 STREET BROOKLYN 11224,2926 WEST 25 STREET BROOKLYN 11224,100.0,False
571,23,2926 WEST 25 STREET BROOKLYN 11224,2926 WEST 25 STREET BROOKLYN 11224,100.0,False
582,1772,495 COLUMBIA STREET BROOKLYN 11231,495 COLUMBIA STREET BROOKLYN 11231,100.0,False
583,1772,495 COLUMBIA STREET BROOKLYN 11231,495 COLUMBIA STREET BROOKLYN 11231,100.0,False
584,1772,495 COLUMBIA STREET BROOKLYN 11231,495 COLUMBIA STREET BROOKLYN 11231,100.0,False
585,1772,495 COLUMBIA STREET BROOKLYN 11231,495 COLUMBIA STREET BROOKLYN 11231,100.0,False
586,1772,495 COLUMBIA STREET BROOKLYN 11231,495 COLUMBIA STREET BROOKLYN 11231,100.0,False
587,1772,495 COLUMBIA STREET BROOKLYN 11231,495 COLUMBIA STREET BROOKLYN 11231,100.0,False
588,1772,495 COLUMBIA STREET BROOKLYN 11231,495 COLUMBIA STREET BROOKLYN 11231,100.0,False
589,1772,495 COLUMBIA STREET BROOKLYN 11231,495 COLUMBIA STREET BROOKLYN 11231,100.0,False
590,1772,495 COLUMBIA STREET BROOKLYN 11231,495 COLUMBIA STREET BROOKLYN 11231,100.0,False
592,23,2926 WEST 25 STREET BROOKLYN 11224,2926 WEST 25 STREET BROOKLYN 11224,100.0,False
597,23,2926 WEST 25 STREET BROOKLYN 11224,2926 WEST 25 STREET BROOKLYN 11224,100.0,False
598,72,116-30 GUY R BREWER BOULEVARD QUEENS 11434,116-30 GUY R BREWER BOULEVARD QUEENS 11434,100.0,False
600,1019,300 DUMONT AVENUE BROOKLYN 11212,300 DUMONT AVENUE BROOKLYN 11212,100.0,False
601,1019,300 DUMONT AVENUE BROOKLYN 11212,300 DUMONT AVENUE BROOKLYN 11212,100.0,False
602,1019,300 DUMONT AVENUE BROOKLYN 11212,300 DUMONT AVENUE BROOKLYN 11212,100.0,False
603,1019,300 DUMONT AVENUE BROOKLYN 11212,300 DUMONT AVENUE BROOKLYN 11212,100.0,False
604,1019,300 DUMONT AVENUE BROOKLYN 11212,300 DUMONT AVENUE BROOKLYN 11212,100.0,False
606,72,116-30 GUY R BREWER BOULEVARD QUEENS 11434,116-30 GUY R BREWER BOULEVARD QUEENS 11434,100.0,False
615,6,154-02 JEWEL AVENUE QUEENS 11367,154-02 JEWEL AVENUE QUEENS 11367,100.0,False
616,6,154-02 JEWEL AVENUE QUEENS 11367,154-02 JEWEL AVENUE QUEENS 11367,100.0,False
618,6,154-02 JEWEL AVENUE QUEENS 11367,154-02 JEWEL AVENUE QUEENS 11367,100.0,False
619,6,154-02 JEWEL AVENUE QUEENS 11367,154-02 JEWEL AVENUE QUEENS 11367,100.0,False
620,6,154-02 JEWEL AVENUE QUEENS 11367,154-02 JEWEL AVENUE QUEENS 11367,100.0,False
632,50,865 AMSTERDAM AVENUE MANHATTAN 10025,865 AMSTERDAM AVENUE MANHATTAN 10025,100.0,False
638,6,154-02 JEWEL AVENUE QUEENS 11367,154-02 JEWEL AVENUE QUEENS 11367,100.0,False
646,1532,200 THROOP AVENUE BROOKLYN 11206,200 THROOP AVENUE BROOKLYN 11206,100.0,False
647,1532,200 THROOP AVENUE BROOKLYN 11206,200 THROOP AVENUE BROOKLYN 11206,100.0,False
648,1532,200 THROOP AVENUE BROOKLYN 11206,200 THROOP AVENUE BROOKLYN 11206,100.0,False
649,1532,200 THROOP AVENUE BROOKLYN 11206,200 THROOP AVENUE BROOKLYN 11206,100.0,False
650,1532,200 THROOP AVENUE BROOKLYN 11206,200 THROOP AVENUE BROOKLYN 11206,100.0,False
651,1532,200 THROOP AVENUE BROOKLYN 11206,200 THROOP AVENUE BROOKLYN 11206,100.0,False
652,1532,200 THROOP AVENUE BROOKLYN 11206,200 THROOP AVENUE BROOKLYN 11206,100.0,False
663,1224,315 SUTTER AVENUE BROOKLYN 11212,315 SUTTER AVENUE BROOKLYN 11212,100.0,False
664,1224,315 SUTTER AVENUE BROOKLYN 11212,315 SUTTER AVENUE BROOKLYN 11212,100.0,False
665,1224,315 SUTTER AVENUE BROOKLYN 11212,315 SUTTER AVENUE BROOKLYN 11212,100.0,False
666,1224,315 SUTTER AVENUE BROOKLYN 11212,315 SUTTER AVENUE BROOKLYN 11212,100.0,False
667,1224,315 SUTTER AVENUE BROOKLYN 11212,315 SUTTER AVENUE BROOKLYN 11212,100.0,False
668,1224,315 SUTTER AVENUE BROOKLYN 11212,315 SUTTER AVENUE BROOKLYN 11212,100.0,False
669,1224,315 SUTTER AVENUE BROOKLYN 11212,315 SUTTER AVENUE BROOKLYN 11212,100.0,False
670,1224,315 SUTTER AVENUE BROOKLYN 11212,315 SUTTER AVENUE BROOKLYN 11212,100.0,False
671,1224,315 SUTTER AVENUE BROOKLYN 11212,315 SUTTER AVENUE BROOKLYN 11212,100.0,False
672,1224,315 SUTTER AVENUE BROOKLYN 11212,315 SUTTER AVENUE BROOKLYN 11212,100.0,False
673,510,307 EAST 116 STREET MANHATTAN 10029,307 EAST 116 STREET MANHATTAN 10029,100.0,False
674,1224,315 SUTTER AVENUE BROOKLYN 11212,315 SUTTER AVENUE BROOKLYN 11212,100.0,False
684,1286,350 MADISON STREET MANHATTAN 10002,350 MADISON STREET MANHATTAN 10002,100.0,False
691,3930,35 DWIGHT STREET BROOKLYN 11231,35 DWIGHT STREET BROOKLYN 11231,100.0,False
694,6,154-02 JEWEL AVENUE QUEENS 11367,154-02 JEWEL AVENUE QUEENS 11367,100.0,False
706,3930,35 DWIGHT STREET BROOKLYN 11231,35 DWIGHT STREET BROOKLYN 11231,100.0,False
723,1423,210 EAST 115 STREET MANHATTAN 10029,210 EAST 115 STREET MANHATTAN 10029,100.0,False
726,1423,210 EAST 115 STREET MANHATTAN 10029,210 EAST 115 STREET MANHATTAN 10029,100.0,False
737,710,1815 STORY AVENUE BRONX 10473,1815 STORY AVENUE BRONX 10473,100.0,False
738,710,1815 STORY AVENUE BRONX 10473,1815 STORY AVENUE BRONX 10473,100.0,False
744,93,23 WEST 90 STREET MANHATTAN 10024,23 WEST 90 STREET MANHATTAN 10024,100.0,False
746,93,23 WEST 90 STREET MANHATTAN 10024,23 WEST 90 STREET MANHATTAN 10024,100.0,False
747,927,1100 TELLER AVENUE BRONX 10456,1100 TELLER AVENUE BRONX 10456,100.0,False
748,93,23 WEST 90 STREET MANHATTAN 10024,23 WEST 90 STREET MANHATTAN 10024,100.0,False
749,927,1100 TELLER AVENUE BRONX 10456,1100 TELLER AVENUE BRONX 10456,100.0,False
750,927,1100 TELLER AVENUE BRONX 10456,1100 TELLER AVENUE BRONX 10456,100.0,False
752,927,1100 TELLER AVENUE BRONX 10456,1100 TELLER AVENUE BRONX 10456,100.0,False
753,927,1100 TELLER AVENUE BRONX 10456,1100 TELLER AVENUE BRONX 10456,100.0,False
754,927,1100 TELLER AVENUE BRONX 10456,1100 TELLER AVENUE BRONX 10456,100.0,False
755,927,1100 TELLER AVENUE BRONX 10456,1100 TELLER AVENUE BRONX 10456,100.0,False
756,927,1100 TELLER AVENUE BRONX 10456,1100 TELLER AVENUE BRONX 10456,100.0,False
757,927,1100 TELLER AVENUE BRONX 10456,1100 TELLER AVENUE BRONX 10456,100.0,False
758,93,23 WEST 90 STREET MANHATTAN 10024,23 WEST 90 STREET MANHATTAN 10024,100.0,False
759,927,1100 TELLER AVENUE BRONX 10456,1100 TELLER AVENUE BRONX 10456,100.0,False
763,72,116-30 GUY R BREWER BOULEVARD QUEENS 11434,116-30 GUY R BREWER BOULEVARD QUEENS 11434,100.0,False
764,72,116-30 GUY R BREWER BOULEVARD QUEENS 11434,116-30 GUY R BREWER BOULEVARD QUEENS 11434,100.0,False
765,72,116-30 GUY R BREWER BOULEVARD QUEENS 11434,116-30 GUY R BREWER BOULEVARD QUEENS 11434,100.0,False
766,72,116-30 GUY R BREWER BOULEVARD QUEENS 11434,116-30 GUY R BREWER BOULEVARD QUEENS 11434,100.0,False
767,0,2370 1 AVENUE MANHATTAN 10035,2370 1 AVENUE MANHATTAN 10035,100.0,False
768,3930,35 DWIGHT STREET BROOKLYN 11231,35 DWIGHT STREET BROOKLYN 11231,100.0,False
770,72,116-30 GUY R BREWER BOULEVARD QUEENS 11434,116-30 GUY R BREWER BOULEVARD QUEENS 11434,100.0,False
771,72,116-30 GUY R BREWER BOULEVARD QUEENS 11434,116-30 GUY R BREWER BOULEVARD QUEENS 11434,100.0,False
772,72,116-30 GUY R BREWER BOULEVARD QUEENS 11434,116-30 GUY R BREWER BOULEVARD QUEENS 11434,100.0,False
781,157,414 SUTTER AVENUE BROOKLYN 11212,414 SUTTER AVENUE BROOKLYN 11212,100.0,False
783,157,414 SUTTER AVENUE BROOKLYN 11212,414 SUTTER AVENUE BROOKLYN 11212,100.0,False
789,157,414 SUTTER AVENUE BROOKLYN 11212,414 SUTTER AVENUE BROOKLYN 11212,100.0,False
790,157,414 SUTTER AVENUE BROOKLYN 11212,414 SUTTER AVENUE BROOKLYN 11212,100.0,False
794,93,23 WEST 90 STREET MANHATTAN 10024,23 WEST 90 STREET MANHATTAN 10024,100.0,False
797,661,451 COLUMBIA STREET BROOKLYN 11231,451 COLUMBIA STREET BROOKLYN 11231,100.0,False
798,661,451 COLUMBIA STREET BROOKLYN 11231,451 COLUMBIA STREET BROOKLYN 11231,100.0,False
802,3930,35 DWIGHT STREET BROOKLYN 11231,35 DWIGHT STREET BROOKLYN 11231,100.0,False
808,0,5975 SHORE PARKWAY BROOKLYN 11236,5975 SHORE PARKWAY BROOKLYN 11236,100.0,False
809,0,5975 SHORE PARKWAY BROOKLYN 11236,5975 SHORE PARKWAY BROOKLYN 11236,100.0,False
810,4007,234 SANDS STREET BROOKLYN 11201,234 SANDS STREET BROOKLYN 11201,100.0,False
811,4007,234 SANDS STREET BROOKLYN 11201,234 SANDS STREET BROOKLYN 11201,100.0,False
814,4007,234 SANDS STREET BROOKLYN 11201,234 SANDS STREET BROOKLYN 11201,100.0,False
825,4007,234 SANDS STREET BROOKLYN 11201,234 SANDS STREET BROOKLYN 11201,100.0,False
829,3930,35 DWIGHT STREET BROOKLYN 11231,35 DWIGHT STREET BROOKLYN 11231,100.0,False
830,50,401 EAST 102 STREET MANHATTAN 10029,401 EAST 102 STREET MANHATTAN 10029,100.0,False
831,50,401 EAST 102 STREET MANHATTAN 10029,401 EAST 102 STREET MANHATTAN 10029,100.0,False
835,2704,123 LORRAINE STREET BROOKLYN 11231,123 LORRAINE STREET BROOKLYN 11231,100.0,False
844,2704,123 LORRAINE STREET BROOKLYN 11231,123 LORRAINE STREET BROOKLYN 11231,100.0,False
845,2704,123 LORRAINE STREET BROOKLYN 11231,123 LORRAINE STREET BROOKLYN 11231,100.0,False
848,710,1815 STORY AVENUE BRONX 10473,1815 STORY AVENUE BRONX 10473,100.0,False
849,710,1815 STORY AVENUE BRONX 10473,1815 STORY AVENUE BRONX 10473,100.0,False
860,4007,234 SANDS STREET BROOKLYN 11201,234 SANDS STREET BROOKLYN 11201,100.0,False
865,1532,200 THROOP AVENUE BROOKLYN 11206,200 THROOP AVENUE BROOKLYN 11206,100.0,False
869,0,2370 1 AVENUE MANHATTAN 10035,2370 1 AVENUE MANHATTAN 10035,100.0,False
876,710,1815 STORY AVENUE BRONX 10473,1815 STORY AVENUE BRONX 10473,100.0,False
878,13,3-02 27 AVENUE QUEENS 11102,3-02 27 AVENUE QUEENS 11102,100.0,False
882,23,2926 WEST 25 STREET BROOKLYN 11224,2926 WEST 25 STREET BROOKLYN 11224,100.0,False
885,3930,35 DWIGHT STREET BROOKLYN 11231,35 DWIGHT STREET BROOKLYN 11231,100.0,False
890,4007,234 SANDS STREET BROOKLYN 11201,234 SANDS STREET BROOKLYN 11201,100.0,False
891,4007,234 SANDS STREET BROOKLYN 11201,234 SANDS STREET BROOKLYN 11201,100.0,False
892,4007,234 SANDS STREET BROOKLYN 11201,234 SANDS STREET BROOKLYN 11201,100.0,False
894,4007,234 SANDS STREET BROOKLYN 11201,234 SANDS STREET BROOKLYN 11201,100.0,False
896,23,2926 WEST 25 STREET BROOKLYN 11224,2926 WEST 25 STREET BROOKLYN 11224,100.0,False
897,23,2926 WEST 25 STREET BROOKLYN 11224,2926 WEST 25 STREET BROOKLYN 11224,100.0,False
898,23,2926 WEST 25 STREET BROOKLYN 11224,2926 WEST 25 STREET BROOKLYN 11224,100.0,False
899,23,2926 WEST 25 STREET BROOKLYN 11224,2926 WEST 25 STREET BROOKLYN 11224,100.0,False
900,4007,234 SANDS STREET BROOKLYN 11201,234 SANDS STREET BROOKLYN 11201,100.0,False
901,3445,225 WEST 129 STREET MANHATTAN 10027,225 WEST 129 STREET MANHATTAN 10027,100.0,False
902,3445,225 WEST 129 STREET MANHATTAN 10027,225 WEST 129 STREET MANHATTAN 10027,100.0,False
903,3445,225 WEST 129 STREET MANHATTAN 10027,225 WEST 129 STREET MANHATTAN 10027,100.0,False
904,3445,225 WEST 129 STREET MANHATTAN 10027,225 WEST 129 STREET MANHATTAN 10027,100.0,False
915,50,401 EAST 102 STREET MANHATTAN 10029,401 EAST 102 STREET MANHATTAN 10029,100.0,False
916,50,401 EAST 102 STREET MANHATTAN 10029,401 EAST 102 STREET MANHATTAN 10029,100.0,False
917,50,401 EAST 102 STREET MANHATTAN 10029,401 EAST 102 STREET MANHATTAN 10029,100.0,False
918,50,401 EAST 102 STREET MANHATTAN 10029,401 EAST 102 STREET MANHATTAN 10029,100.0,False
920,0,2370 1 AVENUE MANHATTAN 10035,2370 1 AVENUE MANHATTAN 10035,100.0,False
921,0,2370 1 AVENUE MANHATTAN 10035,2370 1 AVENUE MANHATTAN 10035,100.0,False
923,0,2370 1 AVENUE MANHATTAN 10035,2370 1 AVENUE MANHATTAN 10035,100.0,False
924,1423,210 EAST 115 STREET MANHATTAN 10029,210 EAST 115 STREET MANHATTAN 10029,100.0,False
925,2440,177 SANDS STREET BROOKLYN 11201,177 SANDS STREET BROOKLYN 11201,100.0,False
926,2440,177 SANDS STREET BROOKLYN 11201,177 SANDS STREET BROOKLYN 11201,100.0,False
927,93,23 WEST 90 STREET MANHATTAN 10024,23 WEST 90 STREET MANHATTAN 10024,100.0,False
928,0,2370 1 AVENUE MANHATTAN 10035,2370 1 AVENUE MANHATTAN 10035,100.0,False
929,2440,177 SANDS STREET BROOKLYN 11201,177 SANDS STREET BROOKLYN 11201,100.0,False
936,23,2926 WEST 25 STREET BROOKLYN 11224,2926 WEST 25 STREET BROOKLYN 11224,100.0,False
937,23,2926 WEST 25 STREET BROOKLYN 11224,2926 WEST 25 STREET BROOKLYN 11224,100.0,False
938,23,2926 WEST 25 STREET BROOKLYN 11224,2926 WEST 25 STREET BROOKLYN 11224,100.0,False
939,23,2926 WEST 25 STREET BROOKLYN 11224,2926 WEST 25 STREET BROOKLYN 11224,100.0,False
940,23,2926 WEST 25 STREET BROOKLYN 11224,2926 WEST 25 STREET BROOKLYN 11224,100.0,False
943,2440,177 SANDS STREET BROOKLYN 11201,177 SANDS STREET BROOKLYN 11201,100.0,False
946,3445,225 WEST 129 STREET MANHATTAN 10027,225 WEST 129 STREET MANHATTAN 10027,100.0,False
947,3445,225 WEST 129 STREET MANHATTAN 10027,225 WEST 129 STREET MANHATTAN 10027,100.0,False
949,218,920 EAST 6 STREET MANHATTAN 10009,920 EAST 6 STREET MANHATTAN 10009,100.0,False
950,218,920 EAST 6 STREET MANHATTAN 10009,920 EAST 6 STREET MANHATTAN 10009,100.0,False
951,218,920 EAST 6 STREET MANHATTAN 10009,920 EAST 6 STREET MANHATTAN 10009,100.0,False
952,218,920 EAST 6 STREET MANHATTAN 10009,920 EAST 6 STREET MANHATTAN 10009,100.0,False
959,218,920 EAST 6 STREET MANHATTAN 10009,920 EAST 6 STREET MANHATTAN 10009,100.0,False
971,0,2370 1 AVENUE MANHATTAN 10035,2370 1 AVENUE MANHATTAN 10035,100.0,False
975,218,920 EAST 6 STREET MANHATTAN 10009,920 EAST 6 STREET MANHATTAN 10009,100.0,False
985,710,1815 STORY AVENUE BRONX 10473,1815 STORY AVENUE BRONX 10473,100.0,False
988,125,2065 3 AVENUE MANHATTAN 10029,2065 3 AVENUE MANHATTAN 10029,100.0,False
990,72,116-30 GUY R BREWER BOULEVARD QUEENS 11434,116-30 GUY R BREWER BOULEVARD QUEENS 11434,100.0,False
991,218,920 EAST 6 STREET MANHATTAN 10009,920 EAST 6 STREET MANHATTAN 10009,100.0,False
992,218,920 EAST 6 STREET MANHATTAN 10009,920 EAST 6 STREET MANHATTAN 10009,100.0,False
993,218,920 EAST 6 STREET MANHATTAN 10009,920 EAST 6 STREET MANHATTAN 10009,100.0,False
1001,52,1370 5 AVENUE MANHATTAN 10026,1370 5 AVENUE MANHATTAN 10026,100.0,False
1002,52,1370 5 AVENUE MANHATTAN 10026,1370 5 AVENUE MANHATTAN 10026,100.0,False
1003,52,1370 5 AVENUE MANHATTAN 10026,1370 5 AVENUE MANHATTAN 10026,100.0,False
1008,125,2065 3 AVENUE MANHATTAN 10029,2065 3 AVENUE MANHATTAN 10029,100.0,False
1010,1423,210 EAST 115 STREET MANHATTAN 10029,210 EAST 115 STREET MANHATTAN 10029,100.0,False
1011,1423,210 EAST 115 STREET MANHATTAN 10029,210 EAST 115 STREET MANHATTAN 10029,100.0,False
1016,1423,210 EAST 115 STREET MANHATTAN 10029,210 EAST 115 STREET MANHATTAN 10029,100.0,False
1019,1423,210 EAST 115 STREET MANHATTAN 10029,210 EAST 115 STREET MANHATTAN 10029,100.0,False
1020,1423,210 EAST 115 STREET MANHATTAN 10029,210 EAST 115 STREET MANHATTAN 10029,100.0,False
1021,1423,210 EAST 115 STREET MANHATTAN 10029,210 EAST 115 STREET MANHATTAN 10029,100.0,False
1022,1423,210 EAST 115 STREET MANHATTAN 10029,210 EAST 115 STREET MANHATTAN 10029,100.0,False
1028,117,1248 WESTCHESTER AVENUE BRONX 10459,1248 WESTCHESTER AVENUE BRONX 10459,100.0,False
1029,117,1248 WESTCHESTER AVENUE BRONX 10459,1248 WESTCHESTER AVENUE BRONX 10459,100.0,False
1030,72,116-30 GUY R BREWER BOULEVARD QUEENS 11434,116-30 GUY R BREWER BOULEVARD QUEENS 11434,100.0,False
1031,72,116-30 GUY R BREWER BOULEVARD QUEENS 11434,116-30 GUY R BREWER BOULEVARD QUEENS 11434,100.0,False
1032,218,920 EAST 6 STREET MANHATTAN 10009,920 EAST 6 STREET MANHATTAN 10009,100.0,False
1033,218,920 EAST 6 STREET MANHATTAN 10009,920 EAST 6 STREET MANHATTAN 10009,100.0,False
1034,2704,123 LORRAINE STREET BROOKLYN 11231,123 LORRAINE STREET BROOKLYN 11231,100.0,False
1035,3930,35 DWIGHT STREET BROOKLYN 11231,35 DWIGHT STREET BROOKLYN 11231,100.0,False
1039,22,641 COLUMBUS AVENUE MANHATTAN 10025,641 COLUMBUS AVENUE MANHATTAN 10025,100.0,False
1040,1423,210 EAST 115 STREET MANHATTAN 10029,210 EAST 115 STREET MANHATTAN 10029,100.0,False
1041,1423,210 EAST 115 STREET MANHATTAN 10029,210 EAST 115 STREET MANHATTAN 10029,100.0,False
1063,636,90 AVENUE D MANHATTAN 10009,90 AVENUE D MANHATTAN 10009,100.0,False
1064,0,10602 GLENWOOD ROAD BROOKLYN 11236,10602 GLENWOOD ROAD BROOKLYN 11236,100.0,False
1067,0,2370 1 AVENUE MANHATTAN 10035,2370 1 AVENUE MANHATTAN 10035,100.0,False
1075,1709,161 BUSH STREET BROOKLYN 11231,161 BUSH STREET BROOKLYN 11231,100.0,False
1076,1709,161 BUSH STREET BROOKLYN 11231,161 BUSH STREET BROOKLYN 11231,100.0,False
1077,1709,161 BUSH STREET BROOKLYN 11231,161 BUSH STREET BROOKLYN 11231,100.0,False
1078,1709,161 BUSH STREET BROOKLYN 11231,161 BUSH STREET BROOKLYN 11231,100.0,False
1079,1709,161 BUSH STREET BROOKLYN 11231,161 BUSH STREET BROOKLYN 11231,100.0,False
1080,1709,161 BUSH STREET BROOKLYN 11231,161 BUSH STREET BROOKLYN 11231,100.0,False
1081,1709,161 BUSH STREET BROOKLYN 11231,161 BUSH STREET BROOKLYN 11231,100.0,False
1082,1709,161 BUSH STREET BROOKLYN 11231,161 BUSH STREET BROOKLYN 11231,100.0,False
1083,1709,161 BUSH STREET BROOKLYN 11231,161 BUSH STREET BROOKLYN 11231,100.0,False
1088,0,2370 1 AVENUE MANHATTAN 10035,2370 1 AVENUE MANHATTAN 10035,100.0,False
1089,0,2370 1 AVENUE MANHATTAN 10035,2370 1 AVENUE MANHATTAN 10035,100.0,False
1091,52,1370 5 AVENUE MANHATTAN 10026,1370 5 AVENUE MANHATTAN 10026,100.0,False
1092,52,1370 5 AVENUE MANHATTAN 10026,1370 5 AVENUE MANHATTAN 10026,100.0,False
1093,2704,123 LORRAINE STREET BROOKLYN 11231,123 LORRAINE STREET BROOKLYN 11231,100.0,False
1094,52,1370 5 AVENUE MANHATTAN 10026,1370 5 AVENUE MANHATTAN 10026,100.0,False
1105,117,1248 WESTCHESTER AVENUE BRONX 10459,1248 WESTCHESTER AVENUE BRONX 10459,100.0,False
1106,157,414 SUTTER AVENUE BROOKLYN 11212,414 SUTTER AVENUE BROOKLYN 11212,100.0,False
1107,157,414 SUTTER AVENUE BROOKLYN 11212,414 SUTTER AVENUE BROOKLYN 11212,100.0,False
1108,157,414 SUTTER AVENUE BROOKLYN 11212,414 SUTTER AVENUE BROOKLYN 11212,100.0,False
1109,157,414 SUTTER AVENUE BROOKLYN 11212,414 SUTTER AVENUE BROOKLYN 11212,100.0,False
1110,72,116-30 GUY R BREWER BOULEVARD QUEENS 11434,116-30 GUY R BREWER BOULEVARD QUEENS 11434,100.0,False
1111,1114,340 WILLIAMS AVENUE BROOKLYN 11207,340 WILLIAMS AVENUE BROOKLYN 11207,100.0,False
1112,1114,340 WILLIAMS AVENUE BROOKLYN 11207,340 WILLIAMS AVENUE BROOKLYN 11207,100.0,False
1116,0,2370 1 AVENUE MANHATTAN 10035,2370 1 AVENUE MANHATTAN 10035,100.0,False
1119,125,2065 3 AVENUE MANHATTAN 10029,2065 3 AVENUE MANHATTAN 10029,100.0,False
1133,52,1370 5 AVENUE MANHATTAN 10026,1370 5 AVENUE MANHATTAN 10026,100.0,False
1135,218,920 EAST 6 STREET MANHATTAN 10009,920 EAST 6 STREET MANHATTAN 10009,100.0,False
1148,4007,234 SANDS STREET BROOKLYN 11201,234 SANDS STREET BROOKLYN 11201,100.0,False
1149,1,2440 ADAM C POWELL BOULEVARD MANHATTAN 10030,2440 ADAM C POWELL BOULEVARD MANHATTAN 10030,100.0,False
1150,833,2201 SURF AVENUE BROOKLYN 11224,2201 SURF AVENUE BROOKLYN 11224,100.0,False
1164,1933,220 THROOP AVENUE BROOKLYN 11206,220 THROOP AVENUE BROOKLYN 11206,100.0,False
1165,1709,161 BUSH STREET BROOKLYN 11231,161 BUSH STREET BROOKLYN 11231,100.0,False
1166,1709,161 BUSH STREET BROOKLYN 11231,161 BUSH STREET BROOKLYN 11231,100.0,False
1167,52,1370 5 AVENUE MANHATTAN 10026,1370 5 AVENUE MANHATTAN 10026,100.0,False
1168,52,1370 5 AVENUE MANHATTAN 10026,1370 5 AVENUE MANHATTAN 10026,100.0,False
1170,52,1370 5 AVENUE MANHATTAN 10026,1370 5 AVENUE MANHATTAN 10026,100.0,False
1171,1709,161 BUSH STREET BROOKLYN 11231,161 BUSH STREET BROOKLYN 11231,100.0,False
1197,0,2370 1 AVENUE MANHATTAN 10035,2370 1 AVENUE MANHATTAN 10035,100.0,False
1204,4674,1 LORRAINE STREET BROOKLYN 11231,1 LORRAINE STREET BROOKLYN 11231,100.0,False
1205,4674,1 LORRAINE STREET BROOKLYN 11231,1 LORRAINE STREET BROOKLYN 11231,100.0,False
1206,4674,1 LORRAINE STREET BROOKLYN 11231,1 LORRAINE STREET BROOKLYN 11231,100.0,False
1207,4674,1 LORRAINE STREET BROOKLYN 11231,1 LORRAINE STREET BROOKLYN 11231,100.0,False
1208,4674,1 LORRAINE STREET BROOKLYN 11231,1 LORRAINE STREET BROOKLYN 11231,100.0,False
1209,4674,1 LORRAINE STREET BROOKLYN 11231,1 LORRAINE STREET BROOKLYN 11231,100.0,False
1210,1933,220 THROOP AVENUE BROOKLYN 11206,220 THROOP AVENUE BROOKLYN 11206,100.0,False
1214,661,451 COLUMBIA STREET BROOKLYN 11231,451 COLUMBIA STREET BROOKLYN 11231,100.0,False
1215,661,451 COLUMBIA STREET BROOKLYN 11231,451 COLUMBIA STREET BROOKLYN 11231,100.0,False
1220,52,1370 5 AVENUE MANHATTAN 10026,1370 5 AVENUE MANHATTAN 10026,100.0,False
1221,52,1370 5 AVENUE MANHATTAN 10026,1370 5 AVENUE MANHATTAN 10026,100.0,False
1222,52,1370 5 AVENUE MANHATTAN 10026,1370 5 AVENUE MANHATTAN 10026,100.0,False
1229,52,1370 5 AVENUE MANHATTAN 10026,1370 5 AVENUE MANHATTAN 10026,100.0,False
1248,61,1715 BRUCKNER BOULEVARD BRONX 10472,1715 BRUCKNER BOULEVARD BRONX 10472,100.0,False
1249,157,414 SUTTER AVENUE BROOKLYN 11212,414 SUTTER AVENUE BROOKLYN 11212,100.0,False
1250,157,414 SUTTER AVENUE BROOKLYN 11212,414 SUTTER AVENUE BROOKLYN 11212,100.0,False
1251,157,414 SUTTER AVENUE BROOKLYN 11212,414 SUTTER AVENUE BROOKLYN 11212,100.0,False
1257,157,414 SUTTER AVENUE BROOKLYN 11212,414 SUTTER AVENUE BROOKLYN 11212,100.0,False
1276,0,10602 GLENWOOD ROAD BROOKLYN 11236,10602 GLENWOOD ROAD BROOKLYN 11236,100.0,False
1278,1,2703 WEST 33 STREET BROOKLYN 11224,2703 WEST 33 STREET BROOKLYN 11224,100.0,False
1295,1248,395 LIVONIA AVENUE BROOKLYN 11212,395 LIVONIA AVENUE BROOKLYN 11212,100.0,False
1307,1,2703 WEST 33 STREET BROOKLYN 11224,2703 WEST 33 STREET BROOKLYN 11224,100.0,False
1309,636,90 AVENUE D MANHATTAN 10009,90 AVENUE D MANHATTAN 10009,100.0,False
1313,1038,219 EAST 97 STREET MANHATTAN 10029,219 EAST 97 STREET MANHATTAN 10029,100.0,False
1321,1038,219 EAST 97 STREET MANHATTAN 10029,219 EAST 97 STREET MANHATTAN 10029,100.0,False
1323,117,1248 WESTCHESTER AVENUE BRONX 10459,1248 WESTCHESTER AVENUE BRONX 10459,100.0,False
1324,72,116-30 GUY R BREWER BOULEVARD QUEENS 11434,116-30 GUY R BREWER BOULEVARD QUEENS 11434,100.0,False
1325,72,116-30 GUY R BREWER BOULEVARD QUEENS 11434,116-30 GUY R BREWER BOULEVARD QUEENS 11434,100.0,False
1326,72,116-30 GUY R BREWER BOULEVARD QUEENS 11434,116-30 GUY R BREWER BOULEVARD QUEENS 11434,100.0,False
1333,1038,219 EAST 97 STREET MANHATTAN 10029,219 EAST 97 STREET MANHATTAN 10029,100.0,False
1338,0,5975 SHORE PARKWAY BROOKLYN 11236,5975 SHORE PARKWAY BROOKLYN 11236,100.0,False
1339,0,5975 SHORE PARKWAY BROOKLYN 11236,5975 SHORE PARKWAY BROOKLYN 11236,100.0,False
1340,0,5975 SHORE PARKWAY BROOKLYN 11236,5975 SHORE PARKWAY BROOKLYN 11236,100.0,False
1345,61,1715 BRUCKNER BOULEVARD BRONX 10472,1715 BRUCKNER BOULEVARD BRONX 10472,100.0,False
1346,61,1715 BRUCKNER BOULEVARD BRONX 10472,1715 BRUCKNER BOULEVARD BRONX 10472,100.0,False
1347,61,1715 BRUCKNER BOULEVARD BRONX 10472,1715 BRUCKNER BOULEVARD BRONX 10472,100.0,False
1348,61,1715 BRUCKNER BOULEVARD BRONX 10472,1715 BRUCKNER BOULEVARD BRONX 10472,100.0,False
1353,72,116-30 GUY R BREWER BOULEVARD QUEENS 11434,116-30 GUY R BREWER BOULEVARD QUEENS 11434,100.0,False
1354,833,2201 SURF AVENUE BROOKLYN 11224,2201 SURF AVENUE BROOKLYN 11224,100.0,False
1355,157,414 SUTTER AVENUE BROOKLYN 11212,414 SUTTER AVENUE BROOKLYN 11212,100.0,False
1357,218,920 EAST 6 STREET MANHATTAN 10009,920 EAST 6 STREET MANHATTAN 10009,100.0,False
1358,1038,219 EAST 97 STREET MANHATTAN 10029,219 EAST 97 STREET MANHATTAN 10029,100.0,False
1370,61,1715 BRUCKNER BOULEVARD BRONX 10472,1715 BRUCKNER BOULEVARD BRONX 10472,100.0,False
1371,157,414 SUTTER AVENUE BROOKLYN 11212,414 SUTTER AVENUE BROOKLYN 11212,100.0,False
1372,927,1100 TELLER AVENUE BRONX 10456,1100 TELLER AVENUE BRONX 10456,100.0,False
1373,927,1100 TELLER AVENUE BRONX 10456,1100 TELLER AVENUE BRONX 10456,100.0,False
1374,927,1100 TELLER AVENUE BRONX 10456,1100 TELLER AVENUE BRONX 10456,100.0,False
1375,927,1100 TELLER AVENUE BRONX 10456,1100 TELLER AVENUE BRONX 10456,100.0,False
1376,927,1100 TELLER AVENUE BRONX 10456,1100 TELLER AVENUE BRONX 10456,100.0,False
1377,1038,219 EAST 97 STREET MANHATTAN 10029,219 EAST 97 STREET MANHATTAN 10029,100.0,False
1378,1038,219 EAST 97 STREET MANHATTAN 10029,219 EAST 97 STREET MANHATTAN 10029,100.0,False
1379,117,1248 WESTCHESTER AVENUE BRONX 10459,1248 WESTCHESTER AVENUE BRONX 10459,100.0,False
1380,117,1248 WESTCHESTER AVENUE BRONX 10459,1248 WESTCHESTER AVENUE BRONX 10459,100.0,False
1386,551,466 COLUMBIA STREET BROOKLYN 11231,466 COLUMBIA STREET BROOKLYN 11231,100.0,False
1394,551,466 COLUMBIA STREET BROOKLYN 11231,466 COLUMBIA STREET BROOKLYN 11231,100.0,False
1399,218,920 EAST 6 STREET MANHATTAN 10009,920 EAST 6 STREET MANHATTAN 10009,100.0,False
1400,218,920 EAST 6 STREET MANHATTAN 10009,920 EAST 6 STREET MANHATTAN 10009,100.0,False
1411,2704,123 LORRAINE STREET BROOKLYN 11231,123 LORRAINE STREET BROOKLYN 11231,100.0,False
1412,2704,123 LORRAINE STREET BROOKLYN 11231,123 LORRAINE STREET BROOKLYN 11231,100.0,False
1415,85,180 SOUTH STREET MANHATTAN 10038,180 SOUTH STREET MANHATTAN 10038,100.0,False
1416,52,1370 5 AVENUE MANHATTAN 10026,1370 5 AVENUE MANHATTAN 10026,100.0,False
1417,1,2703 WEST 33 STREET BROOKLYN 11224,2703 WEST 33 STREET BROOKLYN 11224,100.0,False
1418,1,2703 WEST 33 STREET BROOKLYN 11224,2703 WEST 33 STREET BROOKLYN 11224,100.0,False
1419,52,1370 5 AVENUE MANHATTAN 10026,1370 5 AVENUE MANHATTAN 10026,100.0,False
1420,52,1370 5 AVENUE MANHATTAN 10026,1370 5 AVENUE MANHATTAN 10026,100.0,False
1427,52,1370 5 AVENUE MANHATTAN 10026,1370 5 AVENUE MANHATTAN 10026,100.0,False
1428,52,1370 5 AVENUE MANHATTAN 10026,1370 5 AVENUE MANHATTAN 10026,100.0,False
1429,52,1370 5 AVENUE MANHATTAN 10026,1370 5 AVENUE MANHATTAN 10026,100.0,False
1430,52,1370 5 AVENUE MANHATTAN 10026,1370 5 AVENUE MANHATTAN 10026,100.0,False
1431,52,1370 5 AVENUE MANHATTAN 10026,1370 5 AVENUE MANHATTAN 10026,100.0,False
1432,833,2201 SURF AVENUE BROOKLYN 11224,2201 SURF AVENUE BROOKLYN 11224,100.0,False
1436,52,1370 5 AVENUE MANHATTAN 10026,1370 5 AVENUE MANHATTAN 10026,100.0,False
1446,1,2440 ADAM C POWELL BOULEVARD MANHATTAN 10030,2440 ADAM C POWELL BOULEVARD MANHATTAN 10030,100.0,False
1448,833,2201 SURF AVENUE BROOKLYN 11224,2201 SURF AVENUE BROOKLYN 11224,100.0,False
1449,833,2201 SURF AVENUE BROOKLYN 11224,2201 SURF AVENUE BROOKLYN 11224,100.0,False
1458,218,920 EAST 6 STREET MANHATTAN 10009,920 EAST 6 STREET MANHATTAN 10009,100.0,False
1461,1067,218 EAST 115 STREET MANHATTAN 10029,218 EAST 115 STREET MANHATTAN 10029,100.0,False
1463,1067,218 EAST 115 STREET MANHATTAN 10029,218 EAST 115 STREET MANHATTAN 10029,100.0,False
1467,4007,234 SANDS STREET BROOKLYN 11201,234 SANDS STREET BROOKLYN 11201,100.0,False
1470,4007,234 SANDS STREET BROOKLYN 11201,234 SANDS STREET BROOKLYN 11201,100.0,False
1471,1067,218 EAST 115 STREET MANHATTAN 10029,218 EAST 115 STREET MANHATTAN 10029,100.0,False
1474,72,116-30 GUY R BREWER BOULEVARD QUEENS 11434,116-30 GUY R BREWER BOULEVARD QUEENS 11434,100.0,False
1475,72,116-30 GUY R BREWER BOULEVARD QUEENS 11434,116-30 GUY R BREWER BOULEVARD QUEENS 11434,100.0,False
1476,72,116-30 GUY R BREWER BOULEVARD QUEENS 11434,116-30 GUY R BREWER BOULEVARD QUEENS 11434,100.0,False
1477,72,116-30 GUY R BREWER BOULEVARD QUEENS 11434,116-30 GUY R BREWER BOULEVARD QUEENS 11434,100.0,False
1478,2704,123 LORRAINE STREET BROOKLYN 11231,123 LORRAINE STREET BROOKLYN 11231,100.0,False
1479,2704,123 LORRAINE STREET BROOKLYN 11231,123 LORRAINE STREET BROOKLYN 11231,100.0,False
1482,4007,234 SANDS STREET BROOKLYN 11201,234 SANDS STREET BROOKLYN 11201,100.0,False
1483,4007,234 SANDS STREET BROOKLYN 11201,234 SANDS STREET BROOKLYN 11201,100.0,False
1484,1038,219 EAST 97 STREET MANHATTAN 10029,219 EAST 97 STREET MANHATTAN 10029,100.0,False
1485,723,483 CARLTON AVENUE BROOKLYN 11238,483 CARLTON AVENUE BROOKLYN 11238,100.0,False
1486,1067,218 EAST 115 STREET MANHATTAN 10029,218 EAST 115 STREET MANHATTAN 10029,100.0,False
1487,0,5975 SHORE PARKWAY BROOKLYN 11236,5975 SHORE PARKWAY BROOKLYN 11236,100.0,False
1488,1,2703 WEST 33 STREET BROOKLYN 11224,2703 WEST 33 STREET BROOKLYN 11224,100.0,False
1489,636,90 AVENUE D MANHATTAN 10009,90 AVENUE D MANHATTAN 10009,100.0,False
1490,636,90 AVENUE D MANHATTAN 10009,90 AVENUE D MANHATTAN 10009,100.0,False
1491,2704,123 LORRAINE STREET BROOKLYN 11231,123 LORRAINE STREET BROOKLYN 11231,100.0,False
1492,2704,123 LORRAINE STREET BROOKLYN 11231,123 LORRAINE STREET BROOKLYN 11231,100.0,False
1502,723,483 CARLTON AVENUE BROOKLYN 11238,483 CARLTON AVENUE BROOKLYN 11238,100.0,False
1508,723,483 CARLTON AVENUE BROOKLYN 11238,483 CARLTON AVENUE BROOKLYN 11238,100.0,False
1510,2704,123 LORRAINE STREET BROOKLYN 11231,123 LORRAINE STREET BROOKLYN 11231,100.0,False
1511,636,90 AVENUE D MANHATTAN 10009,90 AVENUE D MANHATTAN 10009,100.0,False
1512,636,90 AVENUE D MANHATTAN 10009,90 AVENUE D MANHATTAN 10009,100.0,False
1514,218,920 EAST 6 STREET MANHATTAN 10009,920 EAST 6 STREET MANHATTAN 10009,100.0,False
1519,723,483 CARLTON AVENUE BROOKLYN 11238,483 CARLTON AVENUE BROOKLYN 11238,100.0,False
1522,1067,218 EAST 115 STREET MANHATTAN 10029,218 EAST 115 STREET MANHATTAN 10029,100.0,False
1523,1067,218 EAST 115 STREET MANHATTAN 10029,218 EAST 115 STREET MANHATTAN 10029,100.0,False
1524,1,2703 WEST 33 STREET BROOKLYN 11224,2703 WEST 33 STREET BROOKLYN 11224,100.0,False
1525,833,2201 SURF AVENUE BROOKLYN 11224,2201 SURF AVENUE BROOKLYN 11224,100.0,False
1526,833,2201 SURF AVENUE BROOKLYN 11224,2201 SURF AVENUE BROOKLYN 11224,100.0,False
1527,833,2201 SURF AVENUE BROOKLYN 11224,2201 SURF AVENUE BROOKLYN 11224,100.0,False
1528,1,2703 WEST 33 STREET BROOKLYN 11224,2703 WEST 33 STREET BROOKLYN 11224,100.0,False
1529,218,920 EAST 6 STREET MANHATTAN 10009,920 EAST 6 STREET MANHATTAN 10009,100.0,False
1530,218,920 EAST 6 STREET MANHATTAN 10009,920 EAST 6 STREET MANHATTAN 10009,100.0,False
1531,218,920 EAST 6 STREET MANHATTAN 10009,920 EAST 6 STREET MANHATTAN 10009,100.0,False
1534,1114,340 WILLIAMS AVENUE BROOKLYN 11207,340 WILLIAMS AVENUE BROOKLYN 11207,100.0,False
1535,1114,340 WILLIAMS AVENUE BROOKLYN 11207,340 WILLIAMS AVENUE BROOKLYN 11207,100.0,False
1542,833,2201 SURF AVENUE BROOKLYN 11224,2201 SURF AVENUE BROOKLYN 11224,100.0,False
1543,833,2201 SURF AVENUE BROOKLYN 11224,2201 SURF AVENUE BROOKLYN 11224,100.0,False
1544,85,180 SOUTH STREET MANHATTAN 10038,180 SOUTH STREET MANHATTAN 10038,100.0,False
1546,218,920 EAST 6 STREET MANHATTAN 10009,920 EAST 6 STREET MANHATTAN 10009,100.0,False
1557,636,90 AVENUE D MANHATTAN 10009,90 AVENUE D MANHATTAN 10009,100.0,False
1559,1,2703 WEST 33 STREET BROOKLYN 11224,2703 WEST 33 STREET BROOKLYN 11224,100.0,False
1560,1,2703 WEST 33 STREET BROOKLYN 11224,2703 WEST 33 STREET BROOKLYN 11224,100.0,False
1562,833,2201 SURF AVENUE BROOKLYN 11224,2201 SURF AVENUE BROOKLYN 11224,100.0,False
1563,833,2201 SURF AVENUE BROOKLYN 11224,2201 SURF AVENUE BROOKLYN 11224,100.0,False
1564,833,2201 SURF AVENUE BROOKLYN 11224,2201 SURF AVENUE BROOKLYN 11224,100.0,False
1568,208,2155 MADISON AVENUE MANHATTAN 10037,2155 MADISON AVENUE MANHATTAN 10037,100.0,False
1582,1,2703 WEST 33 STREET BROOKLYN 11224,2703 WEST 33 STREET BROOKLYN 11224,100.0,False
1590,636,90 AVENUE D MANHATTAN 10009,90 AVENUE D MANHATTAN 10009,100.0,False
1591,85,180 SOUTH STREET MANHATTAN 10038,180 SOUTH STREET MANHATTAN 10038,100.0,False
1594,1067,218 EAST 115 STREET MANHATTAN 10029,218 EAST 115 STREET MANHATTAN 10029,100.0,False
1606,1067,218 EAST 115 STREET MANHATTAN 10029,218 EAST 115 STREET MANHATTAN 10029,100.0,False
1609,85,180 SOUTH STREET MANHATTAN 10038,180 SOUTH STREET MANHATTAN 10038,100.0,False
1621,1,2703 WEST 33 STREET BROOKLYN 11224,2703 WEST 33 STREET BROOKLYN 11224,100.0,False
1629,85,180 SOUTH STREET MANHATTAN 10038,180 SOUTH STREET MANHATTAN 10038,100.0,False
1640,208,2155 MADISON AVENUE MANHATTAN 10037,2155 MADISON AVENUE MANHATTAN 10037,100.0,False
1641,208,2155 MADISON AVENUE MANHATTAN 10037,2155 MADISON AVENUE MANHATTAN 10037,100.0,False
1650,85,180 SOUTH STREET MANHATTAN 10038,180 SOUTH STREET MANHATTAN 10038,100.0,False
1657,1122,350 EAST 124 STREET MANHATTAN 10035,350 EAST 124 STREET MANHATTAN 10035,100.0,False
1659,13,3-02 27 AVENUE QUEENS 11102,3-02 27 AVENUE QUEENS 11102,100.0,False
1666,85,180 SOUTH STREET MANHATTAN 10038,180 SOUTH STREET MANHATTAN 10038,100.0,False
1672,833,2201 SURF AVENUE BROOKLYN 11224,2201 SURF AVENUE BROOKLYN 11224,100.0,False
1673,833,2201 SURF AVENUE BROOKLYN 11224,2201 SURF AVENUE BROOKLYN 11224,100.0,False
1674,833,2201 SURF AVENUE BROOKLYN 11224,2201 SURF AVENUE BROOKLYN 11224,100.0,False
1675,833,2201 SURF AVENUE BROOKLYN 11224,2201 SURF AVENUE BROOKLYN 11224,100.0,False
1676,833,2201 SURF AVENUE BROOKLYN 11224,2201 SURF AVENUE BROOKLYN 11224,100.0,False
1677,833,2201 SURF AVENUE BROOKLYN 11224,2201 SURF AVENUE BROOKLYN 11224,100.0,False
1678,833,2201 SURF AVENUE BROOKLYN 11224,2201 SURF AVENUE BROOKLYN 11224,100.0,False
1691,85,180 SOUTH STREET MANHATTAN 10038,180 SOUTH STREET MANHATTAN 10038,100.0,False
1692,85,180 SOUTH STREET MANHATTAN 10038,180 SOUTH STREET MANHATTAN 10038,100.0,False
1694,85,180 SOUTH STREET MANHATTAN 10038,180 SOUTH STREET MANHATTAN 10038,100.0,False
1695,85,180 SOUTH STREET MANHATTAN 10038,180 SOUTH STREET MANHATTAN 10038,100.0,False
1699,833,2201 SURF AVENUE BROOKLYN 11224,2201 SURF AVENUE BROOKLYN 11224,100.0,False
1710,5383,690 WESTCHESTER AVENUE BRONX 10455,690 WESTCHESTER AVENUE BRONX 10455,100.0,False
1712,1,2703 WEST 33 STREET BROOKLYN 11224,2703 WEST 33 STREET BROOKLYN 11224,100.0,False
1713,1,2703 WEST 33 STREET BROOKLYN 11224,2703 WEST 33 STREET BROOKLYN 11224,100.0,False
1722,3930,35 DWIGHT STREET BROOKLYN 11231,35 DWIGHT STREET BROOKLYN 11231,100.0,False
1723,1,2703 WEST 33 STREET BROOKLYN 11224,2703 WEST 33 STREET BROOKLYN 11224,100.0,False
1724,0,10602 GLENWOOD ROAD BROOKLYN 11236,10602 GLENWOOD ROAD BROOKLYN 11236,100.0,False
1725,0,10602 GLENWOOD ROAD BROOKLYN 11236,10602 GLENWOOD ROAD BROOKLYN 11236,100.0,False
1727,310,5801 GLENWOOD ROAD BROOKLYN 11234,5801 GLENWOOD ROAD BROOKLYN 11234,100.0,False
1728,310,5801 GLENWOOD ROAD BROOKLYN 11234,5801 GLENWOOD ROAD BROOKLYN 11234,100.0,False
1741,636,90 AVENUE D MANHATTAN 10009,90 AVENUE D MANHATTAN 10009,100.0,False
1748,710,1815 STORY AVENUE BRONX 10473,1815 STORY AVENUE BRONX 10473,100.0,False
1755,636,90 AVENUE D MANHATTAN 10009,90 AVENUE D MANHATTAN 10009,100.0,False
1771,0,10602 GLENWOOD ROAD BROOKLYN 11236,10602 GLENWOOD ROAD BROOKLYN 11236,100.0,False
1772,13,301 BEACH 54 STREET QUEENS 11692,301 BEACH 54 STREET QUEENS 11692,100.0,False
1781,1346,50 EAST 104 STREET MANHATTAN 10029,50 EAST 104 STREET MANHATTAN 10029,100.0,False
1783,1346,50 EAST 104 STREET MANHATTAN 10029,50 EAST 104 STREET MANHATTAN 10029,100.0,False
1785,13,301 BEACH 54 STREET QUEENS 11692,301 BEACH 54 STREET QUEENS 11692,100.0,False
1786,13,301 BEACH 54 STREET QUEENS 11692,301 BEACH 54 STREET QUEENS 11692,100.0,False
1787,13,301 BEACH 54 STREET QUEENS 11692,301 BEACH 54 STREET QUEENS 11692,100.0,False
1788,13,301 BEACH 54 STREET QUEENS 11692,301 BEACH 54 STREET QUEENS 11692,100.0,False
1789,13,301 BEACH 54 STREET QUEENS 11692,301 BEACH 54 STREET QUEENS 11692,100.0,False
1795,833,2201 SURF AVENUE BROOKLYN 11224,2201 SURF AVENUE BROOKLYN 11224,100.0,False
1796,833,2201 SURF AVENUE BROOKLYN 11224,2201 SURF AVENUE BROOKLYN 11224,100.0,False
1802,636,90 AVENUE D MANHATTAN 10009,90 AVENUE D MANHATTAN 10009,100.0,False
1812,0,10602 GLENWOOD ROAD BROOKLYN 11236,10602 GLENWOOD ROAD BROOKLYN 11236,100.0,False
1816,636,90 AVENUE D MANHATTAN 10009,90 AVENUE D MANHATTAN 10009,100.0,False
1817,636,90 AVENUE D MANHATTAN 10009,90 AVENUE D MANHATTAN 10009,100.0,False
1828,85,180 SOUTH STREET MANHATTAN 10038,180 SOUTH STREET MANHATTAN 10038,100.0,False
1843,1346,50 EAST 104 STREET MANHATTAN 10029,50 EAST 104 STREET MANHATTAN 10029,100.0,False
1844,1346,50 EAST 104 STREET MANHATTAN 10029,50 EAST 104 STREET MANHATTAN 10029,100.0,False
1845,636,90 AVENUE D MANHATTAN 10009,90 AVENUE D MANHATTAN 10009,100.0,False
1847,636,90 AVENUE D MANHATTAN 10009,90 AVENUE D MANHATTAN 10009,100.0,False
1848,636,90 AVENUE D MANHATTAN 10009,90 AVENUE D MANHATTAN 10009,100.0,False
1849,636,90 AVENUE D MANHATTAN 10009,90 AVENUE D MANHATTAN 10009,100.0,False
1851,74,74 WEST 103 STREET MANHATTAN 10025,74 WEST 103 STREET MANHATTAN 10025,100.0,False
1858,833,2201 SURF AVENUE BROOKLYN 11224,2201 SURF AVENUE BROOKLYN 11224,100.0,False
1859,833,2201 SURF AVENUE BROOKLYN 11224,2201 SURF AVENUE BROOKLYN 11224,100.0,False
1860,833,2201 SURF AVENUE BROOKLYN 11224,2201 SURF AVENUE BROOKLYN 11224,100.0,False
1861,833,2201 SURF AVENUE BROOKLYN 11224,2201 SURF AVENUE BROOKLYN 11224,100.0,False
1870,0,10602 GLENWOOD ROAD BROOKLYN 11236,10602 GLENWOOD ROAD BROOKLYN 11236,100.0,False
1876,1067,218 EAST 115 STREET MANHATTAN 10029,218 EAST 115 STREET MANHATTAN 10029,100.0,False
1883,55,2816 WEST 23 STREET BROOKLYN 11224,2816 WEST 23 STREET BROOKLYN 11224,100.0,False
1884,420,765 F D R DRIVE MANHATTAN 10009,765 F D R DRIVE MANHATTAN 10009,100.0,False
1885,9,2175 5 AVENUE MANHATTAN 10037,2175 5 AVENUE MANHATTAN 10037,100.0,False
1886,66,133-16 ROOSEVELT AVENUE QUEENS 11354,133-16 ROOSEVELT AVENUE QUEENS 11354,100.0,False
1892,27,27-25 1 STREET QUEENS 11102,27-25 1 STREET QUEENS 11102,100.0,False
1899,208,2155 MADISON AVENUE MANHATTAN 10037,2155 MADISON AVENUE MANHATTAN 10037,100.0,False
1900,208,2155 MADISON AVENUE MANHATTAN 10037,2155 MADISON AVENUE MANHATTAN 10037,100.0,False
1908,1346,50 EAST 104 STREET MANHATTAN 10029,50 EAST 104 STREET MANHATTAN 10029,100.0,False
1909,0,10602 GLENWOOD ROAD BROOKLYN 11236,10602 GLENWOOD ROAD BROOKLYN 11236,100.0,False
1910,23,2926 WEST 25 STREET BROOKLYN 11224,2926 WEST 25 STREET BROOKLYN 11224,100.0,False
1911,23,2926 WEST 25 STREET BROOKLYN 11224,2926 WEST 25 STREET BROOKLYN 11224,100.0,False
1920,1346,50 EAST 104 STREET MANHATTAN 10029,50 EAST 104 STREET MANHATTAN 10029,100.0,False
1922,27,27-25 1 STREET QUEENS 11102,27-25 1 STREET QUEENS 11102,100.0,False
1923,27,27-25 1 STREET QUEENS 11102,27-25 1 STREET QUEENS 11102,100.0,False
1924,27,27-25 1 STREET QUEENS 11102,27-25 1 STREET QUEENS 11102,100.0,False
1925,27,27-25 1 STREET QUEENS 11102,27-25 1 STREET QUEENS 11102,100.0,False
1926,27,27-25 1 STREET QUEENS 11102,27-25 1 STREET QUEENS 11102,100.0,False
1927,27,27-25 1 STREET QUEENS 11102,27-25 1 STREET QUEENS 11102,100.0,False
1928,27,27-25 1 STREET QUEENS 11102,27-25 1 STREET QUEENS 11102,100.0,False
1929,27,27-25 1 STREET QUEENS 11102,27-25 1 STREET QUEENS 11102,100.0,False
1930,27,27-25 1 STREET QUEENS 11102,27-25 1 STREET QUEENS 11102,100.0,False
1933,9,2175 5 AVENUE MANHATTAN 10037,2175 5 AVENUE MANHATTAN 10037,100.0,False
1934,66,133-16 ROOSEVELT AVENUE QUEENS 11354,133-16 ROOSEVELT AVENUE QUEENS 11354,100.0,False
1937,74,74 WEST 103 STREET MANHATTAN 10025,74 WEST 103 STREET MANHATTAN 10025,100.0,False
1938,74,74 WEST 103 STREET MANHATTAN 10025,74 WEST 103 STREET MANHATTAN 10025,100.0,False
1939,74,74 WEST 103 STREET MANHATTAN 10025,74 WEST 103 STREET MANHATTAN 10025,100.0,False
1949,27,27-25 1 STREET QUEENS 11102,27-25 1 STREET QUEENS 11102,100.0,False
1962,27,27-25 1 STREET QUEENS 11102,27-25 1 STREET QUEENS 11102,100.0,False
1963,27,27-25 1 STREET QUEENS 11102,27-25 1 STREET QUEENS 11102,100.0,False
1964,27,27-25 1 STREET QUEENS 11102,27-25 1 STREET QUEENS 11102,100.0,False
1965,27,27-25 1 STREET QUEENS 11102,27-25 1 STREET QUEENS 11102,100.0,False
1977,13,301 BEACH 54 STREET QUEENS 11692,301 BEACH 54 STREET QUEENS 11692,100.0,False
1978,13,301 BEACH 54 STREET QUEENS 11692,301 BEACH 54 STREET QUEENS 11692,100.0,False
1979,13,301 BEACH 54 STREET QUEENS 11692,301 BEACH 54 STREET QUEENS 11692,100.0,False
1983,557,811 HICKS STREET BROOKLYN 11231,811 HICKS STREET BROOKLYN 11231,100.0,False
1985,1122,350 EAST 124 STREET MANHATTAN 10035,350 EAST 124 STREET MANHATTAN 10035,100.0,False
1992,557,811 HICKS STREET BROOKLYN 11231,811 HICKS STREET BROOKLYN 11231,100.0,False
1994,278,34-20 137 STREET QUEENS 11354,34-20 137 STREET QUEENS 11354,100.0,False
1999,1122,350 EAST 124 STREET MANHATTAN 10035,350 EAST 124 STREET MANHATTAN 10035,100.0,False
2000,1122,350 EAST 124 STREET MANHATTAN 10035,350 EAST 124 STREET MANHATTAN 10035,100.0,False
2001,1122,350 EAST 124 STREET MANHATTAN 10035,350 EAST 124 STREET MANHATTAN 10035,100.0,False
2002,420,765 F D R DRIVE MANHATTAN 10009,765 F D R DRIVE MANHATTAN 10009,100.0,False
2003,74,74 WEST 103 STREET MANHATTAN 10025,74 WEST 103 STREET MANHATTAN 10025,100.0,False
2004,55,2816 WEST 23 STREET BROOKLYN 11224,2816 WEST 23 STREET BROOKLYN 11224,100.0,False
2005,55,2816 WEST 23 STREET BROOKLYN 11224,2816 WEST 23 STREET BROOKLYN 11224,100.0,False
2012,23,2926 WEST 25 STREET BROOKLYN 11224,2926 WEST 25 STREET BROOKLYN 11224,100.0,False
2013,55,2816 WEST 23 STREET BROOKLYN 11224,2816 WEST 23 STREET BROOKLYN 11224,100.0,False
2014,3930,35 DWIGHT STREET BROOKLYN 11231,35 DWIGHT STREET BROOKLYN 11231,100.0,False
2015,3930,35 DWIGHT STREET BROOKLYN 11231,35 DWIGHT STREET BROOKLYN 11231,100.0,False
2023,27,27-25 1 STREET QUEENS 11102,27-25 1 STREET QUEENS 11102,100.0,False
2024,74,74 WEST 103 STREET MANHATTAN 10025,74 WEST 103 STREET MANHATTAN 10025,100.0,False
2025,74,74 WEST 103 STREET MANHATTAN 10025,74 WEST 103 STREET MANHATTAN 10025,100.0,False
2026,74,74 WEST 103 STREET MANHATTAN 10025,74 WEST 103 STREET MANHATTAN 10025,100.0,False
2041,27,27-25 1 STREET QUEENS 11102,27-25 1 STREET QUEENS 11102,100.0,False
2044,3930,35 DWIGHT STREET BROOKLYN 11231,35 DWIGHT STREET BROOKLYN 11231,100.0,False
2045,3930,35 DWIGHT STREET BROOKLYN 11231,35 DWIGHT STREET BROOKLYN 11231,100.0,False
2054,27,27-25 1 STREET QUEENS 11102,27-25 1 STREET QUEENS 11102,100.0,False
2057,420,765 F D R DRIVE MANHATTAN 10009,765 F D R DRIVE MANHATTAN 10009,100.0,False
2058,420,765 F D R DRIVE MANHATTAN 10009,765 F D R DRIVE MANHATTAN 10009,100.0,False
2059,420,765 F D R DRIVE MANHATTAN 10009,765 F D R DRIVE MANHATTAN 10009,100.0,False
2060,420,765 F D R DRIVE MANHATTAN 10009,765 F D R DRIVE MANHATTAN 10009,100.0,False
2061,420,765 F D R DRIVE MANHATTAN 10009,765 F D R DRIVE MANHATTAN 10009,100.0,False
2073,278,34-20 137 STREET QUEENS 11354,34-20 137 STREET QUEENS 11354,100.0,False
2074,278,34-20 137 STREET QUEENS 11354,34-20 137 STREET QUEENS 11354,100.0,False
2083,3930,35 DWIGHT STREET BROOKLYN 11231,35 DWIGHT STREET BROOKLYN 11231,100.0,False
2084,3930,35 DWIGHT STREET BROOKLYN 11231,35 DWIGHT STREET BROOKLYN 11231,100.0,False
2094,27,27-25 1 STREET QUEENS 11102,27-25 1 STREET QUEENS 11102,100.0,False
2095,27,27-25 1 STREET QUEENS 11102,27-25 1 STREET QUEENS 11102,100.0,False
2101,27,27-25 1 STREET QUEENS 11102,27-25 1 STREET QUEENS 11102,100.0,False
2103,27,27-25 1 STREET QUEENS 11102,27-25 1 STREET QUEENS 11102,100.0,False
2113,1346,50 EAST 104 STREET MANHATTAN 10029,50 EAST 104 STREET MANHATTAN 10029,100.0,False
2114,1346,50 EAST 104 STREET MANHATTAN 10029,50 EAST 104 STREET MANHATTAN 10029,100.0,False
2115,1346,50 EAST 104 STREET MANHATTAN 10029,50 EAST 104 STREET MANHATTAN 10029,100.0,False
2126,0,2692 FREDERICK DOUGLASS BOULEVARD MANHATTAN 10030,2692 FREDERICK DOUGLASS BOULEVARD MANHATTAN 10030,100.0,False
2127,27,27-25 1 STREET QUEENS 11102,27-25 1 STREET QUEENS 11102,100.0,False
2128,48,1299 AMSTERDAM AVENUE MANHATTAN 10027,1299 AMSTERDAM AVENUE MANHATTAN 10027,100.0,False
2129,5383,690 WESTCHESTER AVENUE BRONX 10455,690 WESTCHESTER AVENUE BRONX 10455,100.0,False
2132,1122,350 EAST 124 STREET MANHATTAN 10035,350 EAST 124 STREET MANHATTAN 10035,100.0,False
2133,1122,350 EAST 124 STREET MANHATTAN 10035,350 EAST 124 STREET MANHATTAN 10035,100.0,False
2134,1122,350 EAST 124 STREET MANHATTAN 10035,350 EAST 124 STREET MANHATTAN 10035,100.0,False
2135,1122,350 EAST 124 STREET MANHATTAN 10035,350 EAST 124 STREET MANHATTAN 10035,100.0,False
2136,1122,350 EAST 124 STREET MANHATTAN 10035,350 EAST 124 STREET MANHATTAN 10035,100.0,False
2140,557,811 HICKS STREET BROOKLYN 11231,811 HICKS STREET BROOKLYN 11231,100.0,False
2142,557,811 HICKS STREET BROOKLYN 11231,811 HICKS STREET BROOKLYN 11231,100.0,False
2143,557,811 HICKS STREET BROOKLYN 11231,811 HICKS STREET BROOKLYN 11231,100.0,False
2154,27,27-25 1 STREET QUEENS 11102,27-25 1 STREET QUEENS 11102,100.0,False
2162,27,27-25 1 STREET QUEENS 11102,27-25 1 STREET QUEENS 11102,100.0,False
2168,27,27-25 1 STREET QUEENS 11102,27-25 1 STREET QUEENS 11102,100.0,False
2173,27,27-25 1 STREET QUEENS 11102,27-25 1 STREET QUEENS 11102,100.0,False
2174,27,27-25 1 STREET QUEENS 11102,27-25 1 STREET QUEENS 11102,100.0,False
2175,27,27-25 1 STREET QUEENS 11102,27-25 1 STREET QUEENS 11102,100.0,False
2176,27,27-25 1 STREET QUEENS 11102,27-25 1 STREET QUEENS 11102,100.0,False
2177,27,27-25 1 STREET QUEENS 11102,27-25 1 STREET QUEENS 11102,100.0,False
2178,27,27-25 1 STREET QUEENS 11102,27-25 1 STREET QUEENS 11102,100.0,False
2184,3309,85 LORRAINE STREET BROOKLYN 11231,85 LORRAINE STREET BROOKLYN 11231,100.0,False
2185,278,34-20 137 STREET QUEENS 11354,34-20 137 STREET QUEENS 11354,100.0,False
2186,278,34-20 137 STREET QUEENS 11354,34-20 137 STREET QUEENS 11354,100.0,False
2187,278,34-20 137 STREET QUEENS 11354,34-20 137 STREET QUEENS 11354,100.0,False
2198,1,2703 WEST 33 STREET BROOKLYN 11224,2703 WEST 33 STREET BROOKLYN 11224,100.0,False
2206,27,27-25 1 STREET QUEENS 11102,27-25 1 STREET QUEENS 11102,100.0,False
2207,27,27-25 1 STREET QUEENS 11102,27-25 1 STREET QUEENS 11102,100.0,False
2208,27,27-25 1 STREET QUEENS 11102,27-25 1 STREET QUEENS 11102,100.0,False
2209,27,27-25 1 STREET QUEENS 11102,27-25 1 STREET QUEENS 11102,100.0,False
2210,27,27-25 1 STREET QUEENS 11102,27-25 1 STREET QUEENS 11102,100.0,False
2211,27,27-25 1 STREET QUEENS 11102,27-25 1 STREET QUEENS 11102,100.0,False
2217,1,2703 WEST 33 STREET BROOKLYN 11224,2703 WEST 33 STREET BROOKLYN 11224,100.0,False
2218,1,2703 WEST 33 STREET BROOKLYN 11224,2703 WEST 33 STREET BROOKLYN 11224,100.0,False
2219,1,2703 WEST 33 STREET BROOKLYN 11224,2703 WEST 33 STREET BROOKLYN 11224,100.0,False
2220,4674,1 LORRAINE STREET BROOKLYN 11231,1 LORRAINE STREET BROOKLYN 11231,100.0,False
2221,278,34-20 137 STREET QUEENS 11354,34-20 137 STREET QUEENS 11354,100.0,False
2222,278,34-20 137 STREET QUEENS 11354,34-20 137 STREET QUEENS 11354,100.0,False
2223,48,1299 AMSTERDAM AVENUE MANHATTAN 10027,1299 AMSTERDAM AVENUE MANHATTAN 10027,100.0,False
2224,48,1299 AMSTERDAM AVENUE MANHATTAN 10027,1299 AMSTERDAM AVENUE MANHATTAN 10027,100.0,False
2230,4674,1 LORRAINE STREET BROOKLYN 11231,1 LORRAINE STREET BROOKLYN 11231,100.0,False
2231,27,27-25 1 STREET QUEENS 11102,27-25 1 STREET QUEENS 11102,100.0,False
2232,27,27-25 1 STREET QUEENS 11102,27-25 1 STREET QUEENS 11102,100.0,False
2234,48,1299 AMSTERDAM AVENUE MANHATTAN 10027,1299 AMSTERDAM AVENUE MANHATTAN 10027,100.0,False
2235,5383,690 WESTCHESTER AVENUE BRONX 10455,690 WESTCHESTER AVENUE BRONX 10455,100.0,False
2240,27,27-25 1 STREET QUEENS 11102,27-25 1 STREET QUEENS 11102,100.0,False
2241,27,27-25 1 STREET QUEENS 11102,27-25 1 STREET QUEENS 11102,100.0,False
2243,557,811 HICKS STREET BROOKLYN 11231,811 HICKS STREET BROOKLYN 11231,100.0,False
2244,1346,50 EAST 104 STREET MANHATTAN 10029,50 EAST 104 STREET MANHATTAN 10029,100.0,False
2249,1933,220 THROOP AVENUE BROOKLYN 11206,220 THROOP AVENUE BROOKLYN 11206,100.0,False
2250,3309,85 LORRAINE STREET BROOKLYN 11231,85 LORRAINE STREET BROOKLYN 11231,100.0,False
2255,557,811 HICKS STREET BROOKLYN 11231,811 HICKS STREET BROOKLYN 11231,100.0,False
2256,557,811 HICKS STREET BROOKLYN 11231,811 HICKS STREET BROOKLYN 11231,100.0,False
2257,3309,85 LORRAINE STREET BROOKLYN 11231,85 LORRAINE STREET BROOKLYN 11231,100.0,False
2258,3309,85 LORRAINE STREET BROOKLYN 11231,85 LORRAINE STREET BROOKLYN 11231,100.0,False
2265,557,811 HICKS STREET BROOKLYN 11231,811 HICKS STREET BROOKLYN 11231,100.0,False
2266,557,811 HICKS STREET BROOKLYN 11231,811 HICKS STREET BROOKLYN 11231,100.0,False
2268,557,811 HICKS STREET BROOKLYN 11231,811 HICKS STREET BROOKLYN 11231,100.0,False
2270,27,27-25 1 STREET QUEENS 11102,27-25 1 STREET QUEENS 11102,100.0,False
2272,3930,35 DWIGHT STREET BROOKLYN 11231,35 DWIGHT STREET BROOKLYN 11231,100.0,False
2276,3930,35 DWIGHT STREET BROOKLYN 11231,35 DWIGHT STREET BROOKLYN 11231,100.0,False
2277,3930,35 DWIGHT STREET BROOKLYN 11231,35 DWIGHT STREET BROOKLYN 11231,100.0,False
2278,3930,35 DWIGHT STREET BROOKLYN 11231,35 DWIGHT STREET BROOKLYN 11231,100.0,False
2289,557,811 HICKS STREET BROOKLYN 11231,811 HICKS STREET BROOKLYN 11231,100.0,False
2290,557,811 HICKS STREET BROOKLYN 11231,811 HICKS STREET BROOKLYN 11231,100.0,False
2291,278,34-20 137 STREET QUEENS 11354,34-20 137 STREET QUEENS 11354,100.0,False
2292,278,34-20 137 STREET QUEENS 11354,34-20 137 STREET QUEENS 11354,100.0,False
2293,278,34-20 137 STREET QUEENS 11354,34-20 137 STREET QUEENS 11354,100.0,False
2302,3930,35 DWIGHT STREET BROOKLYN 11231,35 DWIGHT STREET BROOKLYN 11231,100.0,False
2303,3930,35 DWIGHT STREET BROOKLYN 11231,35 DWIGHT STREET BROOKLYN 11231,100.0,False
2304,3930,35 DWIGHT STREET BROOKLYN 11231,35 DWIGHT STREET BROOKLYN 11231,100.0,False
2305,278,34-20 137 STREET QUEENS 11354,34-20 137 STREET QUEENS 11354,100.0,False
2322,9,2175 5 AVENUE MANHATTAN 10037,2175 5 AVENUE MANHATTAN 10037,100.0,False
2323,9,2175 5 AVENUE MANHATTAN 10037,2175 5 AVENUE MANHATTAN 10037,100.0,False
2324,9,2175 5 AVENUE MANHATTAN 10037,2175 5 AVENUE MANHATTAN 10037,100.0,False
2325,9,2175 5 AVENUE MANHATTAN 10037,2175 5 AVENUE MANHATTAN 10037,100.0,False
2337,92,430 EAST 105 STREET MANHATTAN 10029,430 EAST 105 STREET MANHATTAN 10029,100.0,False
2338,92,430 EAST 105 STREET MANHATTAN 10029,430 EAST 105 STREET MANHATTAN 10029,100.0,False
2339,92,430 EAST 105 STREET MANHATTAN 10029,430 EAST 105 STREET MANHATTAN 10029,100.0,False
2340,92,430 EAST 105 STREET MANHATTAN 10029,430 EAST 105 STREET MANHATTAN 10029,100.0,False
2341,92,430 EAST 105 STREET MANHATTAN 10029,430 EAST 105 STREET MANHATTAN 10029,100.0,False
2342,92,430 EAST 105 STREET MANHATTAN 10029,430 EAST 105 STREET MANHATTAN 10029,100.0,False
2343,92,430 EAST 105 STREET MANHATTAN 10029,430 EAST 105 STREET MANHATTAN 10029,100.0,False
2344,92,430 EAST 105 STREET MANHATTAN 10029,430 EAST 105 STREET MANHATTAN 10029,100.0,False
2345,92,430 EAST 105 STREET MANHATTAN 10029,430 EAST 105 STREET MANHATTAN 10029,100.0,False
2346,92,430 EAST 105 STREET MANHATTAN 10029,430 EAST 105 STREET MANHATTAN 10029,100.0,False
2347,92,430 EAST 105 STREET MANHATTAN 10029,430 EAST 105 STREET MANHATTAN 10029,100.0,False
2348,92,430 EAST 105 STREET MANHATTAN 10029,430 EAST 105 STREET MANHATTAN 10029,100.0,False
2349,92,430 EAST 105 STREET MANHATTAN 10029,430 EAST 105 STREET MANHATTAN 10029,100.0,False
2350,92,430 EAST 105 STREET MANHATTAN 10029,430 EAST 105 STREET MANHATTAN 10029,100.0,False
2351,92,430 EAST 105 STREET MANHATTAN 10029,430 EAST 105 STREET MANHATTAN 10029,100.0,False
2352,92,430 EAST 105 STREET MANHATTAN 10029,430 EAST 105 STREET MANHATTAN 10029,100.0,False
2365,1518,230 WEST 129 STREET MANHATTAN 10027,230 WEST 129 STREET MANHATTAN 10027,100.0,False
2366,1518,230 WEST 129 STREET MANHATTAN 10027,230 WEST 129 STREET MANHATTAN 10027,100.0,False
2367,1518,230 WEST 129 STREET MANHATTAN 10027,230 WEST 129 STREET MANHATTAN 10027,100.0,False
2368,1518,230 WEST 129 STREET MANHATTAN 10027,230 WEST 129 STREET MANHATTAN 10027,100.0,False
2369,1518,230 WEST 129 STREET MANHATTAN 10027,230 WEST 129 STREET MANHATTAN 10027,100.0,False
2370,1518,230 WEST 129 STREET MANHATTAN 10027,230 WEST 129 STREET MANHATTAN 10027,100.0,False
2371,1518,230 WEST 129 STREET MANHATTAN 10027,230 WEST 129 STREET MANHATTAN 10027,100.0,False
2372,1518,230 WEST 129 STREET MANHATTAN 10027,230 WEST 129 STREET MANHATTAN 10027,100.0,False
2373,1518,230 WEST 129 STREET MANHATTAN 10027,230 WEST 129 STREET MANHATTAN 10027,100.0,False
2374,1518,230 WEST 129 STREET MANHATTAN 10027,230 WEST 129 STREET MANHATTAN 10027,100.0,False
2375,1518,230 WEST 129 STREET MANHATTAN 10027,230 WEST 129 STREET MANHATTAN 10027,100.0,False
2376,2704,123 LORRAINE STREET BROOKLYN 11231,123 LORRAINE STREET BROOKLYN 11231,100.0,False
2380,27,27-25 1 STREET QUEENS 11102,27-25 1 STREET QUEENS 11102,100.0,False
2381,27,27-25 1 STREET QUEENS 11102,27-25 1 STREET QUEENS 11102,100.0,False
